"","lga_id","num_improved_water_points","num_overhead_tanks","num_taps","num_handpumps","num_unimproved_points","num_total_water_points","percentage_functional_improved","percentage_functional_taps","percentage_functional_handpumps","num_diesel","percentage_diesel_functional","num_electric","percentage_electric_functional","num_solar","percentage_solar_functional","lga","state","zone"
"1","10",187,0,187,0,187,189,0.700534759358289,0.700534759358289,NA,0,NA,0,NA,0,NA,"Aboh Mbaise","Imo","Southeast"
"2","100",157,0,122,35,157,478,0.375796178343949,0.327868852459016,0.542857142857143,3,0.333333333333333,0,NA,2,0.5,"Bebeji","Kano","Northwest"
"3","101",164,0,143,21,164,284,0.457317073170732,0.496503496503497,0.19047619047619,2,0.5,0,NA,0,NA,"Bekwara","Cross River","South-South"
"4","102",93,0,80,13,93,101,0.591397849462366,0.675,0.0769230769230769,4,0.25,1,1,0,NA,"Bende","Abia","Southeast"
"5","103",131,0,121,10,131,150,0.396946564885496,0.388429752066116,0.5,1,0,0,NA,0,NA,"Biase","Cross River","South-South"
"6","104",128,0,70,58,128,243,0.6015625,0.671428571428571,0.517241379310345,3,0,1,0,2,0,"Bichi","Kano","Northwest"
"7","105",187,0,85,102,187,207,0.807486631016043,0.717647058823529,0.882352941176471,2,1,56,0.946428571428571,10,1,"Bida","Niger","North-Central"
"8","106",119,0,33,86,119,126,0.596638655462185,0.454545454545455,0.651162790697674,3,0.333333333333333,3,1,7,0.714285714285714,"Billiri","Gombe","Northeast"
"9","107",125,0,122,3,125,154,0.536,0.540983606557377,0.333333333333333,0,NA,0,NA,0,NA,"Bindawa","Katsina","Northwest"
"10","109",358,35,22,301,358,367,0.818435754189944,0.863636363636364,0.827242524916944,16,0.625,0,NA,5,0.6,"Biriniwa","Jigawa","Northwest"
"11","11",155,0,111,44,155,307,0.561290322580645,0.531531531531532,0.636363636363636,1,0,0,NA,0,NA,"Abua Odual","Rivers","South-South"
"12","111",272,0,142,130,272,448,0.474264705882353,0.436619718309859,0.515384615384615,19,0.736842105263158,25,0.8,5,0.8,"Birnin-Kebbi","Kebbi","Northwest"
"13","112",106,0,7,99,106,129,0.783018867924528,1,0.767676767676768,5,0.8,0,NA,6,0.666666666666667,"Birnin-Kudu","Jigawa","Northwest"
"14","113",174,33,22,119,174,184,0.735632183908046,1,0.705882352941177,2,1,0,NA,10,0.7,"Birnin-Magaji","Zamfara","Northwest"
"15","114",76,0,62,14,76,77,0.618421052631579,0.629032258064516,0.571428571428571,1,1,0,NA,0,NA,"Biu","Borno","Northeast"
"16","115",91,0,86,5,91,153,0.472527472527473,0.488372093023256,0.2,2,0,0,NA,0,NA,"Bodinga","Sokoto","Northwest"
"17","116",62,0,23,39,62,110,0.709677419354839,0.826086956521739,0.641025641025641,3,0,1,1,1,1,"Bogoro","Bauchi","Northeast"
"18","118",114,0,88,26,114,178,0.263157894736842,0.261363636363636,0.269230769230769,2,0.5,12,0,2,1,"Boluwaduro","Osun","Southwest"
"19","119",40,27,7,6,40,40,0.5,0.714285714285714,0,4,0.25,1,0,1,1,"Bomadi","Delta","South-South"
"20","12",71,0,32,39,71,72,0.464788732394366,0.4375,0.487179487179487,14,0.714285714285714,0,NA,0,NA,"Adavi","Kogi","North-Central"
"21","120",68,0,55,13,68,125,0.470588235294118,0.563636363636364,0.0769230769230769,0,NA,0,NA,0,NA,"Bonny","Rivers","South-South"
"22","121",178,0,22,156,178,233,0.634831460674157,0.636363636363636,0.634615384615385,5,0.4,9,0.777777777777778,2,1,"Borgu","Niger","North-Central"
"23","122",88,0,75,13,88,250,0.204545454545455,0.186666666666667,0.307692307692308,1,1,1,1,0,NA,"Boripe","Osun","Southwest"
"24","123",250,0,100,150,250,255,0.612,0.64,0.593333333333333,73,0.698630136986301,0,NA,8,0.5,"Bosari","Yobe","Northeast"
"25","124",163,0,59,104,163,259,0.742331288343558,0.779661016949153,0.721153846153846,6,0.666666666666667,4,0.75,2,1,"Bosso","Niger","North-Central"
"26","126",75,0,2,73,75,84,0.666666666666667,0,0.684931506849315,1,1,0,NA,0,NA,"Buji","Jigawa","Northwest"
"27","128",170,0,57,113,170,359,0.511764705882353,0.56140350877193,0.486725663716814,6,1,0,NA,4,1,"Buruku","Benue","North-Central"
"28","129",232,0,131,101,232,351,0.693965517241379,0.786259541984733,0.574257425742574,2,0.5,3,0.666666666666667,14,0.642857142857143,"Bungudu","Zamfara","Northwest"
"29","13",196,0,182,14,196,229,0.377551020408163,0.384615384615385,0.285714285714286,2,0.5,7,0.571428571428571,1,0,"Ado-Ekiti","Ekiti","Southwest"
"30","130",88,16,4,68,88,105,0.715909090909091,0,0.735294117647059,2,0,0,NA,9,1,"Bunkure","Kano","Northwest"
"31","132",73,57,11,5,73,81,0.178082191780822,0.272727272727273,0.2,8,0.125,2,0,0,NA,"Burutu","Delta","South-South"
"32","134",320,0,175,145,320,323,0.675,0.628571428571429,0.731034482758621,71,0.802816901408451,49,0.755102040816326,2,1,"Calabar-Municipal","Cross River","South-South"
"33","135",278,0,138,140,278,295,0.712230215827338,0.739130434782609,0.685714285714286,19,0.789473684210526,42,0.80952380952381,0,NA,"Calabar South","Cross River","South-South"
"34","136",201,0,94,107,201,261,0.611940298507463,0.75531914893617,0.485981308411215,0,NA,3,0.333333333333333,1,1,"Chanchaga","Niger","North-Central"
"35","137",101,0,55,46,101,139,0.722772277227723,0.727272727272727,0.717391304347826,0,NA,0,NA,0,NA,"Charanchi","Katsina","Northwest"
"36","139",159,0,50,109,159,182,0.515723270440252,0.64,0.458715596330275,3,1,1,0,2,0,"Chikun","Kaduna","Northwest"
"37","14",96,84,6,6,96,113,0.614583333333333,0.5,0.166666666666667,3,1,3,0.333333333333333,2,1,"Ado-Odo/Ota","Ogun","Southwest"
"38","140",41,0,39,2,41,44,0.804878048780488,0.82051282051282,0.5,1,1,0,NA,0,NA,"Dala","Kano","Northwest"
"39","141",135,0,33,102,135,140,0.792592592592593,0.606060606060606,0.852941176470588,94,0.882978723404255,0,NA,2,1,"Damaturu","Yobe","Northeast"
"40","142",144,0,25,119,144,226,0.361111111111111,0.28,0.378151260504202,15,0.333333333333333,11,0.454545454545455,8,0.875,"Damban","Bauchi","Northeast"
"41","143",136,0,70,66,136,241,0.375,0.228571428571429,0.53030303030303,4,0.5,0,NA,16,0.3125,"Dambatta","Kano","Northwest"
"42","144",1,0,0,1,1,1,1,NA,1,1,1,0,NA,0,NA,"Damboa","Borno","Northeast"
"43","145",115,0,85,30,115,201,0.365217391304348,0.352941176470588,0.4,7,0.428571428571429,0,NA,4,0.5,"Dandi","Kebbi","Northwest"
"44","146",125,39,26,60,125,338,0.456,0.423076923076923,0.55,4,0.25,0,NA,15,0.266666666666667,"Dandume","Katsina","Northwest"
"45","147",41,0,34,7,41,46,0.707317073170732,0.676470588235294,0.857142857142857,5,1,0,NA,1,1,"Dange/shuni","Sokoto","Northwest"
"46","148",134,0,91,43,134,262,0.67910447761194,0.67032967032967,0.697674418604651,11,0.818181818181818,7,1,2,0.5,"Danja","Katsina","Northwest"
"47","149",174,50,0,124,174,362,0.637931034482759,NA,0.669354838709677,10,0.2,2,0.5,21,0.619047619047619,"Dan-Musa","Katsina","Northwest"
"48","15",109,0,80,29,109,286,0.174311926605505,0.2125,0.0689655172413793,2,0,2,0,1,0,"Afijio","Oyo","Southwest"
"49","150",79,0,45,34,79,199,0.329113924050633,0.422222222222222,0.205882352941176,6,0.166666666666667,0,NA,1,1,"Darazo","Bauchi","Northeast"
"50","151",89,0,2,87,89,240,0.831460674157303,0.5,0.839080459770115,0,NA,1,0,1,1,"Dass","Bauchi","Northeast"
"51","152",54,0,24,30,54,101,0.388888888888889,0.416666666666667,0.366666666666667,1,1,0,NA,2,0,"Daura","Katsina","Northwest"
"52","153",144,0,81,63,144,212,0.729166666666667,0.703703703703704,0.761904761904762,8,0.625,1,1,3,0.666666666666667,"Dawakin-Kudu","Kano","Northwest"
"53","154",267,0,104,163,267,373,0.599250936329588,0.509615384615385,0.656441717791411,5,0.6,0,NA,5,0.8,"Dawakin-Tofa","Kano","Northwest"
"54","155",214,78,85,51,214,271,0.345794392523364,0.152941176470588,0.274509803921569,15,0.533333333333333,2,1,0,NA,"Degema","Rivers","South-South"
"55","156",82,0,35,47,82,94,0.25609756097561,0.285714285714286,0.234042553191489,23,0.304347826086957,4,0.5,0,NA,"Dekina","Kogi","North-Central"
"56","157",79,0,43,36,79,79,0.645569620253165,0.720930232558139,0.555555555555556,2,0.5,1,1,0,NA,"Demsa","Adamawa","Northeast"
"57","158",71,0,52,19,71,71,0.47887323943662,0.461538461538462,0.526315789473684,1,0,0,NA,0,NA,"Dikwa","Borno","Northeast"
"58","159",52,0,34,18,52,94,0.346153846153846,0.294117647058824,0.444444444444444,1,1,0,NA,0,NA,"Doguwa","Kano","Northwest"
"59","16",89,0,88,1,89,92,0.539325842696629,0.534090909090909,1,0,NA,1,0,0,NA,"Afikpo North","Ebonyi","Southeast"
"60","160",93,0,65,28,93,484,0.537634408602151,0.615384615384615,0.357142857142857,8,0.625,1,1,6,0.5,"Doma","Nasarawa","North-Central"
"61","161",28,0,27,1,28,31,0.571428571428571,0.555555555555556,1,0,NA,0,NA,0,NA,"Donga","Taraba","Northeast"
"62","163",99,94,4,1,99,101,0.767676767676768,1,1,10,1,6,0.5,1,0,"Dunukofia","Anambra","Southeast"
"63","164",53,0,10,43,53,119,0.830188679245283,0.9,0.813953488372093,1,0,3,1,2,1,"Dutse","Jigawa","Northwest"
"64","165",34,0,10,24,34,67,0.529411764705882,0.5,0.541666666666667,3,0.666666666666667,0,NA,3,1,"Dutsi","Katsina","Northwest"
"65","166",117,0,49,68,117,206,0.658119658119658,0.612244897959184,0.691176470588235,2,1,3,1,10,0.3,"Dutsin-Ma","Katsina","Northwest"
"66","167",47,0,19,28,47,70,0.191489361702128,0.210526315789474,0.178571428571429,4,0.5,0,NA,0,NA,"Eastern-Obolo","Akwa Ibom","South-South"
"67","168",75,0,59,16,75,86,0.653333333333333,0.677966101694915,0.5625,0,NA,1,0,0,NA,"Ebonyi","Ebonyi","Southeast"
"68","169",123,28,2,93,123,145,0.471544715447154,0.5,0.419354838709677,5,0.8,11,0.727272727272727,9,0.666666666666667,"Edati","Niger","North-Central"
"69","170",109,0,105,4,109,230,0.504587155963303,0.504761904761905,0.5,2,1,1,1,2,1,"Ede North","Osun","Southwest"
"70","172",157,0,26,131,157,271,0.496815286624204,0.5,0.49618320610687,6,0.833333333333333,10,0.6,4,1,"Edu","Kwara","North-Central"
"71","173",139,0,131,8,139,515,0.568345323741007,0.549618320610687,0.875,3,1,5,0.6,4,0.5,"Ife-Central","Osun","Southwest"
"72","174",81,0,47,34,81,146,0.308641975308642,0.319148936170213,0.294117647058824,5,0.4,6,0.5,2,0.5,"Ife-East","Osun","Southwest"
"73","175",132,0,97,35,132,217,0.348484848484849,0.371134020618557,0.285714285714286,3,0,7,0,3,0,"Ife-North","Osun","Southwest"
"74","176",42,18,4,20,42,85,0.30952380952381,0,0.15,4,0.5,0,NA,1,1,"Ife-South","Osun","Southwest"
"75","177",139,28,94,17,139,142,0.23021582733813,0.212765957446809,0.411764705882353,4,0.25,0,NA,0,NA,"Efon","Ekiti","Southwest"
"76","179",73,0,60,13,73,88,0.589041095890411,0.633333333333333,0.384615384615385,3,0.666666666666667,4,0.25,3,0.666666666666667,"Egbado South","Ogun","Southwest"
"77","18",395,0,56,339,395,512,0.432911392405063,0.642857142857143,0.398230088495575,25,0.8,13,0.769230769230769,26,0.730769230769231,"Agaie","Niger","North-Central"
"78","180",41,0,22,19,41,97,0.51219512195122,0.5,0.526315789473684,1,1,0,NA,2,0.5,"Egbeda","Oyo","Southwest"
"79","181",129,0,72,57,129,179,0.550387596899225,0.569444444444444,0.526315789473684,9,0.222222222222222,13,0.307692307692308,2,1,"Egbedore","Osun","Southwest"
"80","182",28,0,27,1,28,39,0.821428571428571,0.814814814814815,1,1,1,0,NA,0,NA,"Egor","Edo","South-South"
"81","183",31,0,18,13,31,41,0.225806451612903,0.166666666666667,0.307692307692308,6,0.166666666666667,1,1,2,0.5,"Ehime-Mbano","Imo","Southeast"
"82","184",126,0,73,53,126,369,0.563492063492063,0.534246575342466,0.60377358490566,9,0.666666666666667,15,0.733333333333333,2,0,"Ejigbo","Osun","Southwest"
"83","185",78,48,25,5,78,78,0.128205128205128,0.12,0,11,0.181818181818182,2,0.5,2,0,"Ekeremor","Bayelsa","South-South"
"84","186",103,0,86,17,103,104,0.631067961165049,0.616279069767442,0.705882352941177,8,0.75,4,1,1,1,"Eket","Akwa Ibom","South-South"
"85","187",107,29,30,48,107,143,0.635514018691589,0.333333333333333,0.791666666666667,2,0,3,0,2,0,"Ekiti","Kwara","North-Central"
"86","189",242,12,176,54,242,278,0.161157024793388,0.107954545454545,0.314814814814815,12,0.0833333333333333,10,0.3,2,1,"Ekiti South-West","Ekiti","Southwest"
"87","19",40,0,17,23,40,120,0.2,0.294117647058824,0.130434782608696,1,0,1,0,1,0,"Agatu","Benue","North-Central"
"88","190",225,15,138,72,225,234,0.328888888888889,0.159420289855072,0.583333333333333,2,0.5,3,0.666666666666667,2,1,"Ekiti West","Ekiti","Southwest"
"89","191",124,0,76,48,124,126,0.67741935483871,0.710526315789474,0.625,2,0.5,25,0.76,2,0,"Ekwusigo","Anambra","Southeast"
"90","192",156,0,144,12,156,163,0.788461538461538,0.770833333333333,1,1,1,1,0,2,1,"Eleme","Rivers","South-South"
"91","193",152,0,112,40,152,260,0.625,0.580357142857143,0.75,7,0.571428571428571,11,1,0,NA,"Emuoha","Rivers","South-South"
"92","194",129,0,99,30,129,253,0.170542635658915,0.0909090909090909,0.433333333333333,6,0.666666666666667,0,NA,0,NA,"Emure","Ekiti","Southwest"
"93","195",25,0,17,8,25,38,0.32,0.352941176470588,0.25,2,1,0,NA,0,NA,"Enugu East","Enugu","Southeast"
"94","196",15,0,15,0,15,25,0.6,0.6,NA,1,1,0,NA,0,NA,"Enugu North","Enugu","Southeast"
"95","197",22,0,11,11,22,40,0.318181818181818,0.545454545454545,0.0909090909090909,1,0,7,0.285714285714286,0,NA,"Enugu South","Enugu","Southeast"
"96","198",183,159,11,13,183,198,0.683060109289617,0.818181818181818,0.0769230769230769,0,NA,1,1,0,NA,"Epe","Lagos","Southwest"
"97","199",72,0,41,31,72,95,0.444444444444444,0.365853658536585,0.548387096774194,20,0.65,8,0.375,0,NA,"Esan Central","Edo","South-South"
"98","20",110,5,16,89,110,175,0.518181818181818,0.4375,0.51685393258427,1,0,0,NA,4,1,"Agwara","Niger","North-Central"
"99","200",25,0,25,0,25,26,0.2,0.2,NA,0,NA,0,NA,0,NA,"Esan North-East","Edo","South-South"
"100","202",27,15,12,0,27,28,0.407407407407407,0.5,NA,1,0,4,0.75,0,NA,"Esan West","Edo","South-South"
"101","203",96,59,27,10,96,103,0.395833333333333,0.407407407407407,0.3,0,NA,1,0,1,1,"Ese-Odo","Ondo","Southwest"
"102","204",95,72,12,11,95,96,0.315789473684211,0.666666666666667,0,0,NA,25,0.6,1,0,"Esit-Eket","Akwa Ibom","South-South"
"103","205",87,0,87,0,87,93,0.586206896551724,0.586206896551724,NA,0,NA,0,NA,0,NA,"Essien Udim","Akwa Ibom","South-South"
"104","206",142,0,141,1,142,145,0.514084507042254,0.517730496453901,0,1,0,0,NA,0,NA,"Etche","Rivers","South-South"
"105","207",149,0,144,5,149,163,0.718120805369127,0.736111111111111,0.2,0,NA,1,1,1,0,"Ethiope East","Delta","South-South"
"106","209",67,0,67,0,67,69,0.462686567164179,0.462686567164179,NA,0,NA,0,NA,0,NA,"Etim-Eko","Akwa Ibom","South-South"
"107","21",95,0,93,2,95,102,0.947368421052632,0.946236559139785,1,4,1,0,NA,0,NA,"Agege","Lagos","Southwest"
"108","210",31,0,31,0,31,32,0.741935483870968,0.741935483870968,NA,0,NA,0,NA,0,NA,"Etinan","Akwa Ibom","South-South"
"109","212",39,0,38,1,39,47,0.256410256410256,0.263157894736842,0,0,NA,1,1,0,NA,"Etsako-Central","Edo","South-South"
"110","213",38,28,5,5,38,45,0.421052631578947,0.6,0.2,0,NA,0,NA,0,NA,"Etsako East","Edo","South-South"
"111","215",74,0,59,15,74,99,0.513513513513513,0.491525423728814,0.6,2,0,0,NA,4,0.25,"Etung","Cross River","South-South"
"112","216",174,130,34,10,174,240,0.729885057471264,0.705882352941177,0.1,8,1,19,0.947368421052632,1,1,"Ewekoro","Ogun","Southwest"
"113","217",61,23,37,1,61,62,0.508196721311475,0.486486486486487,0,0,NA,2,1,0,NA,"Ezeagu","Enugu","Southeast"
"114","218",108,0,108,0,108,110,0.62962962962963,0.62962962962963,NA,1,0,0,NA,0,NA,"Ezinihitte","Imo","Southeast"
"115","219",126,0,48,78,126,240,0.587301587301587,0.5,0.641025641025641,2,0,2,0,0,NA,"Ezza North","Ebonyi","Southeast"
"116","22",74,0,51,23,74,86,0.445945945945946,0.568627450980392,0.173913043478261,0,NA,12,0.25,0,NA,"Aguata","Anambra","Southeast"
"117","220",202,6,13,183,202,212,0.792079207920792,0.769230769230769,0.808743169398907,3,0.333333333333333,2,1,1,1,"Ezza South","Ebonyi","Southeast"
"118","221",29,0,14,15,29,30,0.793103448275862,1,0.6,3,0.666666666666667,0,NA,0,NA,"Fagge","Kano","Northwest"
"119","222",49,0,20,29,49,93,0.36734693877551,0.2,0.482758620689655,6,0.333333333333333,0,NA,1,0,"Fakai","Kebbi","Northwest"
"120","223",222,0,9,213,222,546,0.481981981981982,0.333333333333333,0.488262910798122,12,0.0833333333333333,2,0.5,26,0.230769230769231,"Faskari","Katsina","Northwest"
"121","224",87,0,12,75,87,93,0.459770114942529,0.5,0.453333333333333,46,0.543478260869565,2,0.5,6,0.666666666666667,"Fika","Yobe","Northeast"
"122","225",203,30,8,165,203,206,0.625615763546798,0.75,0.636363636363636,0,NA,4,0.5,1,0,"Fufore","Adamawa","Northeast"
"123","226",15,0,2,13,15,16,0.8,0.5,0.846153846153846,2,1,6,0.833333333333333,0,NA,"Funakaye","Gombe","Northeast"
"124","228",195,0,111,84,195,495,0.543589743589744,0.567567567567568,0.511904761904762,2,1,0,NA,2,0.5,"Funtua","Katsina","Northwest"
"125","23",159,0,149,10,159,161,0.452830188679245,0.463087248322148,0.3,10,0.3,0,NA,0,NA,"Ahiazu-Mbaise","Imo","Southeast"
"126","230",56,42,0,14,56,66,0.107142857142857,NA,0.214285714285714,11,0.181818181818182,1,0,2,0,"Gada","Sokoto","Northwest"
"127","231",530,0,145,385,530,619,0.873584905660377,0.924137931034483,0.854545454545454,13,0.615384615384615,0,NA,5,0.8,"Gagarawa","Jigawa","Northwest"
"128","232",75,0,51,24,75,159,0.613333333333333,0.509803921568627,0.833333333333333,3,0.666666666666667,0,NA,3,0.666666666666667,"Gamawa","Bauchi","Northeast"
"129","234",162,0,153,9,162,162,0.524691358024691,0.516339869281046,0.666666666666667,0,NA,0,NA,0,NA,"Ganaye","Adamawa","Northeast"
"130","235",430,0,84,346,430,613,0.795348837209302,0.845238095238095,0.783236994219653,10,0.7,3,1,11,0.636363636363636,"Garki","Jigawa","Northwest"
"131","236",173,0,124,49,173,342,0.69364161849711,0.733870967741935,0.591836734693878,6,0.333333333333333,0,NA,1,1,"Garko","Kano","Northwest"
"132","238",15,0,3,12,15,15,0.466666666666667,0.666666666666667,0.416666666666667,0,NA,0,NA,0,NA,"Gashaka","Taraba","Northeast"
"133","239",18,2,1,15,18,18,0.5,1,0.466666666666667,0,NA,0,NA,1,1,"Gassol","Taraba","Northeast"
"134","24",90,0,86,4,90,132,0.744444444444444,0.744186046511628,0.75,0,NA,1,1,0,NA,"Ahoada East","Rivers","South-South"
"135","240",214,0,197,17,214,306,0.691588785046729,0.705583756345178,0.529411764705882,0,NA,0,NA,3,0.333333333333333,"Gaya","Kano","Northwest"
"136","241",64,0,29,35,64,76,0.734375,0.862068965517241,0.628571428571429,1,1,0,NA,2,0.5,"Gayuk","Adamawa","Northeast"
"137","242",218,0,126,92,218,468,0.541284403669725,0.396825396825397,0.739130434782609,0,NA,2,0.5,0,NA,"Gazewa","Kano","Northwest"
"138","243",348,0,295,53,348,734,0.508620689655172,0.488135593220339,0.622641509433962,2,1,4,0.75,2,0.5,"Gbako","Niger","North-Central"
"139","244",82,0,46,36,82,90,0.439024390243902,0.456521739130435,0.416666666666667,6,0.666666666666667,4,0.5,1,1,"Gboko","Benue","North-Central"
"140","245",164,0,79,85,164,181,0.451219512195122,0.468354430379747,0.435294117647059,11,0.454545454545455,11,0.454545454545455,4,0.25,"Gbonyin","Ekiti","Southwest"
"141","246",85,34,15,36,85,103,0.588235294117647,0.733333333333333,0.638888888888889,13,0.538461538461538,0,NA,4,0.75,"Geidam","Yobe","Northeast"
"142","247",167,0,40,127,167,211,0.383233532934132,0.275,0.417322834645669,6,0.5,1,1,11,0.818181818181818,"Giade","Bauchi","Northeast"
"143","248",42,1,1,40,42,42,0.5,1,0.475,0,NA,0,NA,0,NA,"Giwa","Kaduna","Northwest"
"144","249",257,0,253,4,257,308,0.610894941634241,0.620553359683794,0,0,NA,0,NA,0,NA,"Gokana","Rivers","South-South"
"145","25",76,0,71,5,76,165,0.421052631578947,0.422535211267606,0.4,0,NA,0,NA,0,NA,"Ahoada West","Rivers","South-South"
"146","250",121,0,15,106,121,131,0.801652892561983,0.6,0.830188679245283,48,0.958333333333333,37,0.72972972972973,1,1,"Gombe","Gombe","Northeast"
"147","251",89,0,62,27,89,124,0.528089887640449,0.532258064516129,0.518518518518518,1,0,0,NA,0,NA,"Gombi","Adamawa","Northeast"
"148","252",72,0,54,18,72,148,0.194444444444444,0.222222222222222,0.111111111111111,0,NA,1,0,0,NA,"Goronyo","Sokoto","Northwest"
"149","254",18,0,7,11,18,19,0.555555555555556,0.714285714285714,0.454545454545455,4,0.25,1,1,0,NA,"Gubio","Borno","Northeast"
"150","255",29,14,0,15,29,68,0.241379310344828,NA,0.133333333333333,5,0,0,NA,3,0.666666666666667,"Gudu","Sokoto","Northwest"
"151","256",93,0,72,21,93,105,0.655913978494624,0.666666666666667,0.619047619047619,4,0.25,0,NA,0,NA,"Gujba","Yobe","Northeast"
"152","257",91,0,21,70,91,254,0.714285714285714,0.714285714285714,0.714285714285714,19,0.736842105263158,3,1,3,0.333333333333333,"Gulani","Yobe","Northeast"
"153","258",137,0,55,82,137,265,0.328467153284672,0.345454545454545,0.317073170731707,3,0,0,NA,1,1,"Guma","Benue","North-Central"
"154","259",257,0,20,237,257,288,0.778210116731518,0.6,0.793248945147679,17,0.882352941176471,19,0.473684210526316,9,0.888888888888889,"Gumel","Jigawa","Northwest"
"155","260",72,0,16,56,72,155,0.402777777777778,0.375,0.410714285714286,0,NA,0,NA,0,NA,"Gummi","Zamfara","Northwest"
"156","261",133,0,28,105,133,156,0.586466165413534,0.5,0.60952380952381,9,0.666666666666667,3,1,0,NA,"Gurara","Niger","North-Central"
"157","263",177,0,39,138,177,271,0.604519774011299,0.666666666666667,0.58695652173913,8,0.5,0,NA,11,0.363636363636364,"Gusau","Zamfara","Northwest"
"158","265",80,0,32,48,80,171,0.3375,0.375,0.3125,19,0.368421052631579,1,1,7,1,"Gwadabawa","Sokoto","Northwest"
"159","266",185,0,126,59,185,224,0.378378378378378,0.349206349206349,0.440677966101695,15,0.4,0,NA,5,0.2,"Gwagwalada","FCT","North-Central"
"160","267",17,0,17,0,17,20,0.823529411764706,0.823529411764706,NA,0,NA,0,NA,0,NA,"Gwale","Kano","Northwest"
"161","268",118,0,96,22,118,274,0.330508474576271,0.364583333333333,0.181818181818182,7,0.285714285714286,0,NA,1,0,"Gwandu","Kebbi","Northwest"
"162","269",339,0,48,291,339,402,0.648967551622419,0.291666666666667,0.707903780068729,24,0.416666666666667,6,0.666666666666667,11,0.636363636363636,"Gwaram","Jigawa","Northwest"
"163","27",165,112,52,1,165,302,0.842424242424242,0.75,1,40,0.9,15,0.866666666666667,0,NA,"Ajeromi-Ifelodun","Lagos","Southwest"
"164","270",148,0,134,14,148,257,0.425675675675676,0.417910447761194,0.5,1,0,0,NA,1,0,"Gwarzo","Kano","Northwest"
"165","271",81,0,38,43,81,162,0.308641975308642,0.236842105263158,0.372093023255814,2,0.5,1,0,2,0.5,"Gwer East","Benue","North-Central"
"166","273",268,0,135,133,268,785,0.761194029850746,0.851851851851852,0.669172932330827,12,1,0,NA,6,0.666666666666667,"Gwiwa","Jigawa","Northwest"
"167","275",297,0,123,174,297,312,0.774410774410774,0.788617886178862,0.764367816091954,21,0.80952380952381,12,0.583333333333333,1,0,"Hadejia","Jigawa","Northwest"
"168","276",73,0,56,17,73,80,0.671232876712329,0.642857142857143,0.764705882352941,4,1,4,1,0,NA,"Hawul","Borno","Northeast"
"169","277",213,0,173,40,213,227,0.643192488262911,0.630057803468208,0.7,1,1,0,NA,3,1,"Hong","Adamawa","Northeast"
"170","278",105,0,73,32,105,180,0.542857142857143,0.547945205479452,0.53125,21,0.619047619047619,0,NA,4,0.5,"Ibadan North","Oyo","Southwest"
"171","279",85,0,47,38,85,141,0.482352941176471,0.446808510638298,0.526315789473684,17,0.411764705882353,2,1,1,1,"Ibadan North East","Oyo","Southwest"
"172","28",152,0,116,36,152,281,0.618421052631579,0.637931034482759,0.555555555555556,4,1,0,NA,2,1,"Ajingi","Kano","Northwest"
"173","280",186,0,64,122,186,403,0.741935483870968,0.625,0.80327868852459,18,0.666666666666667,10,0.7,4,0.25,"Ibadan North West","Oyo","Southwest"
"174","281",34,0,24,10,34,77,0.382352941176471,0.333333333333333,0.5,2,0.5,6,0.833333333333333,3,0,"Ibadan South East","Oyo","Southwest"
"175","282",107,0,72,35,107,138,0.710280373831776,0.736111111111111,0.657142857142857,9,0.555555555555556,7,0.857142857142857,4,0.75,"Ibadan South West","Oyo","Southwest"
"176","283",12,0,6,6,12,15,0.333333333333333,0.166666666666667,0.5,2,0,0,NA,1,1,"Ibaji","Kogi","North-Central"
"177","284",98,0,30,68,98,163,0.724489795918367,0.666666666666667,0.75,0,NA,2,0.5,2,0.5,"Ibarapa Central","Oyo","Southwest"
"178","285",179,0,31,148,179,333,0.547486033519553,0.645161290322581,0.527027027027027,19,0.631578947368421,9,0.666666666666667,5,0.8,"Ibarapa East","Oyo","Southwest"
"179","288",65,0,55,10,65,67,0.292307692307692,0.254545454545455,0.5,5,0.8,0,NA,1,1,"Ibeno","Akwa Ibom","South-South"
"180","289",11,0,10,1,11,11,0.545454545454545,0.6,0,1,0,0,NA,0,NA,"Ibesikpo-Asutan","Akwa Ibom","South-South"
"181","29",98,0,81,17,98,113,0.540816326530612,0.567901234567901,0.411764705882353,1,1,0,NA,0,NA,"Akamkpa","Cross River","South-South"
"182","290",54,13,6,35,54,58,0.462962962962963,0.833333333333333,0.514285714285714,3,0,0,NA,6,0.333333333333333,"Ibi","Taraba","Northeast"
"183","291",38,18,20,0,38,38,0.894736842105263,1,NA,0,NA,0,NA,0,NA,"Ibiono-Ibom","Akwa Ibom","South-South"
"184","292",30,0,13,17,30,44,0.533333333333333,0.615384615384615,0.470588235294118,6,0.5,2,1,0,NA,"Idah","Kogi","North-Central"
"185","293",53,0,40,13,53,59,0.528301886792453,0.55,0.461538461538462,1,1,1,1,1,1,"Idanre","Ondo","Southwest"
"186","294",42,0,42,0,42,45,0.357142857142857,0.357142857142857,NA,0,NA,0,NA,0,NA,"Ideato North","Imo","Southeast"
"187","295",25,0,25,0,25,27,0.24,0.24,NA,0,NA,0,NA,0,NA,"Ideato South","Imo","Southeast"
"188","296",65,0,54,11,65,67,0.753846153846154,0.796296296296296,0.545454545454545,3,0.666666666666667,0,NA,0,NA,"Idemili North","Anambra","Southeast"
"189","297",99,0,76,23,99,121,0.575757575757576,0.552631578947368,0.652173913043478,21,0.714285714285714,4,0.75,5,0.4,"Idemili South","Anambra","Southeast"
"190","298",43,18,4,21,43,64,0.558139534883721,0.25,0.380952380952381,1,1,2,1,1,1,"Ido","Oyo","Southwest"
"191","299",204,0,166,38,204,229,0.264705882352941,0.240963855421687,0.368421052631579,1,0,17,0.411764705882353,2,1,"Ido Osi","Ekiti","Southwest"
"192","3",74,0,73,1,74,77,0.581081081081081,0.575342465753425,1,1,1,0,NA,0,NA,"Abak","Akwa Ibom","South-South"
"193","30",140,0,86,54,140,274,0.435714285714286,0.406976744186047,0.481481481481481,11,0.363636363636364,4,0.75,4,0.5,"Akinyele","Oyo","Southwest"
"194","300",41,0,36,5,41,46,0.682926829268293,0.694444444444444,0.6,0,NA,0,NA,0,NA,"Ifako-Ijaye","Lagos","Southwest"
"195","301",75,24,7,44,75,92,0.386666666666667,0,0.431818181818182,1,0,6,0.166666666666667,2,0.5,"Ifedayo","Osun","Southwest"
"196","302",102,41,24,37,102,149,0.57843137254902,0.625,0.648648648648649,0,NA,0,NA,0,NA,"Ifedore","Ondo","Southwest"
"197","304",71,0,46,25,71,158,0.154929577464789,0.0869565217391304,0.28,6,0.333333333333333,5,0.2,3,0.666666666666667,"Ifelodun","Osun","Southwest"
"198","305",55,0,27,28,55,71,0.581818181818182,0.592592592592593,0.571428571428571,7,0.428571428571429,19,0.684210526315789,1,0,"Ifo","Ogun","Southwest"
"199","306",85,0,45,40,85,107,0.329411764705882,0.4,0.25,7,0.142857142857143,3,0.666666666666667,1,0,"Igabi","Kaduna","Northwest"
"200","307",19,18,0,1,19,26,0.473684210526316,NA,0,3,0,0,NA,0,NA,"Igalamela-Odolu","Kogi","North-Central"
"201","309",54,0,46,8,54,78,0.425925925925926,0.478260869565217,0.125,1,1,0,NA,0,NA,"Igbo Eze - North","Enugu","Southeast"
"202","310",29,0,25,4,29,29,0.379310344827586,0.4,0.25,1,0,0,NA,0,NA,"Igbo-Eze South","Enugu","Southeast"
"203","311",12,0,10,2,12,14,0.166666666666667,0.1,0.5,1,1,0,NA,0,NA,"Iguegben","Edo","South-South"
"204","312",93,0,92,1,93,96,0.268817204301075,0.271739130434783,0,0,NA,0,NA,0,NA,"Ihiala","Anambra","Southeast"
"205","313",73,0,73,0,73,94,0.561643835616438,0.561643835616438,NA,0,NA,0,NA,0,NA,"Ihitte/Uboma","Imo","Southeast"
"206","314",36,0,18,18,36,49,0.666666666666667,0.777777777777778,0.555555555555556,2,0.5,1,0,4,1,"ijaye","Ondo","Southwest"
"207","315",203,0,146,57,203,237,0.645320197044335,0.636986301369863,0.666666666666667,5,0.4,55,0.745454545454545,0,NA,"Ijebu East","Ogun","Southwest"
"208","316",172,0,73,99,172,284,0.354651162790698,0.410958904109589,0.313131313131313,44,0.318181818181818,17,0.529411764705882,4,0.75,"Ijebu North","Ogun","Southwest"
"209","317",138,0,137,1,138,147,0.673913043478261,0.678832116788321,0,0,NA,1,0,0,NA,"Ijebu North East","Ogun","Southwest"
"210","318",421,0,276,145,421,484,0.714964370546318,0.688405797101449,0.76551724137931,69,0.840579710144927,74,0.702702702702703,0,NA,"Ijebu-ode","Ogun","Southwest"
"211","32",108,26,62,20,108,116,0.268518518518519,0.290322580645161,0.05,1,1,2,0.5,0,NA,"Akoko-Edo","Edo","South-South"
"212","320",152,0,50,102,152,337,0.322368421052632,0.32,0.323529411764706,6,0.5,18,0.444444444444444,6,0.166666666666667,"Ijumu","Kogi","North-Central"
"213","321",47,0,47,0,47,53,0.404255319148936,0.404255319148936,NA,0,NA,0,NA,0,NA,"Ika","Akwa Ibom","South-South"
"214","322",89,0,88,1,89,114,0.595505617977528,0.590909090909091,1,0,NA,1,0,0,NA,"Ika North","Delta","South-South"
"215","324",228,0,224,4,228,235,0.837719298245614,0.839285714285714,0.75,2,1,0,NA,0,NA,"Ika South","Delta","South-South"
"216","325",96,41,51,4,96,100,0.65625,0.784313725490196,0.25,0,NA,0,NA,1,1,"Ikeduru","Imo","Southeast"
"217","328",139,0,110,29,139,217,0.244604316546763,0.181818181818182,0.482758620689655,3,0.666666666666667,4,0.25,2,0.5,"Ikere","Ekiti","Southwest"
"218","330",110,0,63,47,110,133,0.536363636363636,0.492063492063492,0.595744680851064,8,0.375,0,NA,2,0.5,"Ikom","Cross River","South-South"
"219","331",102,0,86,16,102,102,0.588235294117647,0.581395348837209,0.625,12,0.666666666666667,1,1,1,1,"Ikono","Akwa Ibom","South-South"
"220","332",164,0,67,97,164,176,0.554878048780488,0.686567164179104,0.463917525773196,15,0.8,58,0.5,5,0.6,"Ikorodu","Lagos","Southwest"
"221","333",94,0,58,36,94,127,0.25531914893617,0.241379310344828,0.277777777777778,25,0.32,1,1,0,NA,"Ikot-Abasi","Akwa Ibom","South-South"
"222","334",133,0,110,23,133,137,0.827067669172932,0.845454545454545,0.739130434782609,6,0.666666666666667,9,0.777777777777778,2,0.5,"Ikot-Ekpene","Akwa Ibom","South-South"
"223","335",143,0,141,2,143,147,0.832167832167832,0.836879432624113,0.5,0,NA,0,NA,0,NA,"Ikpoba-Okha","Edo","South-South"
"224","336",451,0,385,66,451,469,0.505543237250554,0.477922077922078,0.666666666666667,4,0.25,30,0.866666666666667,0,NA,"Ikwerre","Rivers","South-South"
"225","339",87,0,52,35,87,332,0.32183908045977,0.269230769230769,0.4,4,0,9,0.555555555555556,1,1,"Ila","Osun","Southwest"
"226","340",48,0,28,20,48,60,0.291666666666667,0.285714285714286,0.3,3,0,3,0.666666666666667,0,NA,"Ilejemeje","Ekiti","Southwest"
"227","342",53,0,42,11,53,91,0.358490566037736,0.333333333333333,0.454545454545455,1,1,0,NA,0,NA,"Ilesha-East","Osun","Southwest"
"228","343",26,0,26,0,26,60,0.576923076923077,0.576923076923077,NA,0,NA,3,1,0,NA,"Ilesha-West","Osun","Southwest"
"229","345",297,54,24,219,297,325,0.632996632996633,0.708333333333333,0.607305936073059,19,0.842105263157895,6,0.5,1,0,"Ilorin East","Kwara","North-Central"
"230","346",261,0,49,212,261,283,0.578544061302682,0.795918367346939,0.528301886792453,10,0.5,31,0.580645161290323,0,NA,"Ilorin South","Kwara","North-Central"
"231","347",122,0,39,83,122,167,0.647540983606557,0.692307692307692,0.626506024096386,6,0.833333333333333,27,0.62962962962963,1,1,"Ilorin west","Kwara","North-Central"
"232","348",68,0,56,12,68,71,0.514705882352941,0.589285714285714,0.166666666666667,3,0.333333333333333,0,NA,0,NA,"Imeko Afon","Ogun","Southwest"
"233","349",167,31,7,129,167,328,0.538922155688623,0.428571428571429,0.62015503875969,7,0.285714285714286,1,1,9,0.111111111111111,"Ingawa","Katsina","Northwest"
"234","35",138,0,94,44,138,202,0.471014492753623,0.563829787234043,0.272727272727273,0,NA,4,0.25,9,0,"Akoko South West","Ondo","Southwest"
"235","350",35,18,6,11,35,35,0.228571428571429,1,0.0909090909090909,1,0,0,NA,0,NA,"Ini","Akwa Ibom","South-South"
"236","351",144,0,96,48,144,178,0.763888888888889,0.822916666666667,0.645833333333333,15,0.8,30,0.733333333333333,6,0.666666666666667,"Ipokia","Ogun","Southwest"
"237","352",63,0,24,39,63,78,0.587301587301587,0.625,0.564102564102564,10,0.5,5,0.4,1,0,"Irele","Ondo","Southwest"
"238","353",109,25,43,41,109,257,0.73394495412844,0.790697674418605,0.682926829268293,7,0.857142857142857,5,0.6,5,1,"Irepo","Oyo","Southwest"
"239","354",63,0,42,21,63,69,0.555555555555556,0.642857142857143,0.380952380952381,1,0,13,0.230769230769231,0,NA,"Irepodun","Osun","Southwest"
"240","355",151,0,124,27,151,189,0.529801324503311,0.540322580645161,0.481481481481481,14,0.5,1,1,1,1,"Irepodun","Kwara","North-Central"
"241","356",111,0,15,96,111,165,0.396396396396396,0.2,0.427083333333333,9,0.222222222222222,12,0.583333333333333,3,0.666666666666667,"Irepodun/Ifelodun","Ekiti","Southwest"
"242","357",113,0,108,5,113,265,0.380530973451327,0.37962962962963,0.4,4,0.25,1,0,0,NA,"Irewole","Osun","Southwest"
"243","358",111,0,110,1,111,183,0.567567567567568,0.572727272727273,0,1,0,0,NA,0,NA,"Isa","Sokoto","Northwest"
"244","359",160,0,109,51,160,355,0.24375,0.146788990825688,0.450980392156863,6,0.333333333333333,6,0.166666666666667,11,0.818181818181818,"Ise/Orun","Ekiti","Southwest"
"245","36",199,0,136,63,199,268,0.266331658291457,0.257352941176471,0.285714285714286,4,0.5,1,1,6,0.333333333333333,"Akoko South East","Ondo","Southwest"
"246","360",161,0,119,42,161,304,0.590062111801242,0.605042016806723,0.547619047619048,1,1,2,0.5,0,NA,"Iseyin","Oyo","Southwest"
"247","361",174,4,47,123,174,203,0.620689655172414,0.829787234042553,0.536585365853659,0,NA,1,1,0,NA,"Ishielu","Ebonyi","Southeast"
"248","362",196,0,160,36,196,205,0.770408163265306,0.78125,0.722222222222222,2,1,29,0.793103448275862,2,0,"Isiala Mbano","Imo","Southeast"
"249","363",50,0,48,2,50,53,0.36,0.375,0,0,NA,0,NA,0,NA,"Isiala Ngwa North","Abia","Southeast"
"250","364",86,64,19,3,86,87,0.430232558139535,0.631578947368421,0,0,NA,4,0.5,0,NA,"Isiala Ngwa South","Abia","Southeast"
"251","365",185,0,138,47,185,294,0.713513513513514,0.695652173913043,0.765957446808511,8,0.875,8,0.375,1,1,"Isin","Kwara","North-Central"
"252","367",57,0,31,26,57,236,0.315789473684211,0.258064516129032,0.384615384615385,1,1,9,0.444444444444444,1,1,"Isokan","Osun","Southwest"
"253","368",104,0,103,1,104,171,0.480769230769231,0.475728155339806,1,0,NA,0,NA,0,NA,"Isoko north","Delta","South-South"
"254","369",98,0,94,4,98,106,0.408163265306122,0.404255319148936,0.5,0,NA,0,NA,0,NA,"Isoko South","Delta","South-South"
"255","37",101,0,87,14,101,112,0.257425742574257,0.298850574712644,0,0,NA,0,NA,0,NA,"Akpabuyo","Cross River","South-South"
"256","370",48,17,29,2,48,49,0.604166666666667,0.793103448275862,0,2,1,9,0.777777777777778,1,0,"Isu","Imo","Southeast"
"257","371",76,0,55,21,76,86,0.539473684210526,0.563636363636364,0.476190476190476,16,0.625,3,0.666666666666667,0,NA,"Isuikwuato","Abia","Southeast"
"258","373",100,0,66,34,100,149,0.3,0.227272727272727,0.441176470588235,3,0,7,0.428571428571429,4,1,"Itesiwaju","Oyo","Southwest"
"259","374",47,0,45,2,47,47,0.787234042553192,0.822222222222222,0,0,NA,1,0,0,NA,"Itu","Akwa Ibom","South-South"
"260","375",59,0,52,7,59,88,0.406779661016949,0.365384615384615,0.714285714285714,4,0.25,1,1,0,NA,"Ivo","Ebonyi","Southeast"
"261","376",143,59,13,71,143,345,0.447552447552448,0.307692307692308,0.422535211267606,1,1,4,1,0,NA,"Iwajowa","Oyo","Southwest"
"262","377",118,0,92,26,118,238,0.516949152542373,0.510869565217391,0.538461538461538,6,0.666666666666667,13,0.384615384615385,1,1,"Iwo","Osun","Southwest"
"263","379",114,0,12,102,114,141,0.526315789473684,0.5,0.529411764705882,3,0,1,1,1,1,"Jaba","Kaduna","Northwest"
"264","380",139,0,51,88,139,145,0.633093525179856,0.607843137254902,0.647727272727273,3,0.333333333333333,1,0,5,1,"Jada","Adamawa","Northeast"
"265","381",183,0,50,133,183,206,0.868852459016393,0.88,0.864661654135338,6,0.833333333333333,3,1,6,0.833333333333333,"Jahun","Jigawa","Northwest"
"266","382",170,0,119,51,170,269,0.864705882352941,0.873949579831933,0.843137254901961,10,0.9,0,NA,1,1,"Jakusko","Yobe","Northeast"
"267","383",114,0,49,65,114,139,0.5,0.612244897959184,0.415384615384615,12,0.5,2,0.5,7,0.428571428571429,"Jalingo","Taraba","Northeast"
"268","384",217,0,15,202,217,367,0.67741935483871,0.666666666666667,0.678217821782178,3,0.666666666666667,4,0.5,5,0.6,"Jama'are","Bauchi","Northeast"
"269","385",158,0,130,28,158,226,0.449367088607595,0.453846153846154,0.428571428571429,0,NA,2,1,2,1,"Jega","Kebbi","Northwest"
"270","386",225,0,71,154,225,234,0.613333333333333,0.746478873239437,0.551948051948052,2,0.5,3,1,3,0.333333333333333,"Jema'a","Kaduna","Northwest"
"271","387",27,0,25,2,27,29,0.703703703703704,0.72,0.5,2,0.5,0,NA,0,NA,"Jere","Borno","Northeast"
"272","388",120,0,41,79,120,146,0.516666666666667,0.536585365853659,0.506329113924051,7,0.428571428571429,0,NA,3,0.333333333333333,"Jibia","Katsina","Northwest"
"273","389",96,0,44,52,96,133,0.520833333333333,0.431818181818182,0.596153846153846,1,0,1,1,0,NA,"Jos East","Plateau","North-Central"
"274","39",111,65,7,39,111,117,0.306306306306306,0,0.487179487179487,4,0.5,1,0,13,0.384615384615385,"Akure North","Ondo","Southwest"
"275","390",56,0,11,45,56,67,0.357142857142857,0.545454545454545,0.311111111111111,2,0,9,0.666666666666667,2,0.5,"Jos North","Plateau","North-Central"
"276","391",158,0,121,37,158,252,0.386075949367089,0.363636363636364,0.459459459459459,0,NA,0,NA,1,0,"Jos South","Plateau","North-Central"
"277","393",258,0,190,68,258,315,0.713178294573643,0.763157894736842,0.573529411764706,1,1,0,NA,8,0.25,"Kabo","Kano","Northwest"
"278","395",79,0,56,23,79,106,0.620253164556962,0.607142857142857,0.652173913043478,2,1,0,NA,2,1,"Kaduna North","Kaduna","Northwest"
"279","396",103,0,20,83,103,109,0.601941747572815,0.7,0.578313253012048,1,1,8,0.875,1,1,"kaduna South","Kaduna","Northwest"
"280","397",90,0,54,36,90,113,0.9,0.888888888888889,0.916666666666667,0,NA,0,NA,0,NA,"Kafin-Hausa","Jigawa","Northwest"
"281","398",80,0,72,8,80,164,0.7625,0.763888888888889,0.75,0,NA,0,NA,1,0,"Kafur","Katsina","Northwest"
"282","399",52,0,43,9,52,54,0.403846153846154,0.465116279069767,0.111111111111111,4,0.25,0,NA,0,NA,"Kaga","Borno","Northeast"
"283","4",39,0,20,19,39,58,0.743589743589744,0.8,0.684210526315789,1,1,0,NA,0,NA,"Abakaliki","Ebonyi","Southeast"
"284","40",98,0,49,49,98,114,0.571428571428571,0.653061224489796,0.489795918367347,2,1,2,1,12,0.166666666666667,"Akure South","Ondo","Southwest"
"285","400",78,7,5,66,78,83,0.397435897435897,0.6,0.409090909090909,0,NA,0,NA,0,NA,"Kagarko","Kaduna","Northwest"
"286","403",105,0,16,89,105,440,0.561904761904762,0.4375,0.584269662921348,5,0.6,1,0,2,1,"Kajola","Oyo","Southwest"
"287","404",81,0,65,16,81,86,0.716049382716049,0.692307692307692,0.8125,0,NA,1,0,1,1,"Kajuru","Kaduna","Northwest"
"288","406",112,29,1,82,112,114,0.419642857142857,0,0.378048780487805,5,0.2,0,NA,0,NA,"Kalgo","Kebbi","Northwest"
"289","407",14,0,14,0,14,17,0.857142857142857,0.857142857142857,NA,0,NA,0,NA,0,NA,"Kaltungo","Gombe","Northeast"
"290","408",142,0,49,93,142,406,0.542253521126761,0.530612244897959,0.548387096774194,9,0.888888888888889,1,1,4,0.25,"Kanam","Plateau","North-Central"
"291","409",139,0,56,83,139,357,0.661870503597122,0.642857142857143,0.674698795180723,2,0.5,0,NA,7,0.428571428571429,"Kankara","Katsina","Northwest"
"292","411",155,0,53,102,155,194,0.632258064516129,0.528301886792453,0.686274509803922,6,0.5,1,0,2,0.5,"Kankia","Katsina","Northwest"
"293","412",48,0,21,27,48,56,0.541666666666667,0.380952380952381,0.666666666666667,0,NA,2,1,0,NA,"Kano-Municipal","Kano","Northwest"
"294","414",235,0,147,88,235,444,0.612765957446809,0.666666666666667,0.522727272727273,1,0,2,0,4,0.25,"Karaye","Kano","Northwest"
"295","416",264,0,173,91,264,362,0.753787878787879,0.734104046242775,0.791208791208791,36,0.833333333333333,29,0.96551724137931,3,0.333333333333333,"Karu","Nasarawa","North-Central"
"296","417",2,0,1,1,2,2,0.5,0,1,0,NA,0,NA,0,NA,"Katagum","Bauchi","Northeast"
"297","418",274,69,12,193,274,401,0.427007299270073,0.5,0.367875647668394,14,0.5,10,0.3,8,0.125,"Katcha","Niger","North-Central"
"298","419",196,0,93,103,196,254,0.714285714285714,0.698924731182796,0.728155339805825,18,0.777777777777778,1,0,31,0.838709677419355,"Katsina","Katsina","Northwest"
"299","42",184,0,153,31,184,408,0.619565217391304,0.61437908496732,0.645161290322581,2,0.5,0,NA,1,0,"Albasu","Kano","Northwest"
"300","420",117,0,14,103,117,136,0.52991452991453,0.357142857142857,0.553398058252427,5,0.2,1,0,4,0.5,"Katsina-Ala","Benue","North-Central"
"301","421",23,0,18,5,23,75,0.521739130434783,0.5,0.6,0,NA,0,NA,0,NA,"Kaura","Kaduna","Northwest"
"302","422",262,0,59,203,262,339,0.679389312977099,0.627118644067797,0.694581280788177,3,1,3,0.333333333333333,14,0.0714285714285714,"Kaura Namoda","Zamfara","Northwest"
"303","423",70,2,0,68,70,143,0.457142857142857,NA,0.470588235294118,0,NA,0,NA,0,NA,"Kauru","Kaduna","Northwest"
"304","424",200,0,132,68,200,286,0.65,0.696969696969697,0.558823529411765,3,0.666666666666667,1,1,2,1,"Kazaure","Jigawa","Northwest"
"305","425",82,0,76,6,82,106,0.5,0.513157894736842,0.333333333333333,0,NA,0,NA,0,NA,"Keana","Nasarawa","North-Central"
"306","426",98,0,39,59,98,281,0.357142857142857,0.461538461538462,0.288135593220339,9,0.222222222222222,0,NA,5,0.6,"Kebbe","Sokoto","Northwest"
"307","427",98,0,63,35,98,130,0.714285714285714,0.73015873015873,0.685714285714286,10,0.9,5,0.8,2,0.5,"Keffi","Nasarawa","North-Central"
"308","429",71,0,44,27,71,137,0.619718309859155,0.636363636363636,0.592592592592593,3,0.666666666666667,0,NA,0,NA,"Kibiya","Kano","Northwest"
"309","43",178,0,72,106,178,253,0.342696629213483,0.388888888888889,0.311320754716981,8,0.625,8,1,5,0.8,"Aliero","Kebbi","Northwest"
"310","431",685,0,220,465,685,927,0.81021897810219,0.831818181818182,0.8,13,0.923076923076923,1,0,8,0.75,"Kiri-Kasama","Jigawa","Northwest"
"311","432",124,0,100,24,124,165,0.637096774193548,0.61,0.75,2,0.5,0,NA,0,NA,"Kiru","Kano","Northwest"
"312","433",439,2,210,227,439,550,0.733485193621868,0.676190476190476,0.788546255506608,0,NA,0,NA,0,NA,"kiyawa","Jigawa","Northwest"
"313","434",59,19,2,38,59,95,0.389830508474576,0,0.368421052631579,2,1,4,0,4,0.5,"Kogi","Kogi","North-Central"
"314","435",39,0,37,2,39,76,0.384615384615385,0.351351351351351,1,1,1,3,1,0,NA,"Koko/Besse","Kebbi","Northwest"
"315","436",96,19,37,40,96,246,0.552083333333333,0.783783783783784,0.35,4,0.75,1,0,3,0.666666666666667,"Kokona","Nasarawa","North-Central"
"316","437",115,66,44,5,115,118,0.460869565217391,0.409090909090909,0,0,NA,0,NA,0,NA,"Kolokuma","Bayelsa","South-South"
"317","438",82,0,8,74,82,90,0.75609756097561,0.875,0.743243243243243,54,0.666666666666667,2,1,6,0.833333333333333,"Konduga","Borno","Northeast"
"318","439",102,0,63,39,102,240,0.529411764705882,0.476190476190476,0.615384615384615,3,1,1,1,1,0,"Konshisha","Benue","North-Central"
"319","44",125,0,102,23,125,128,0.816,0.813725490196078,0.826086956521739,9,0.888888888888889,10,0.9,0,NA,"Alimosho","Lagos","Southwest"
"320","440",113,0,44,69,113,206,0.504424778761062,0.431818181818182,0.550724637681159,1,1,3,1,0,NA,"Kontagora","Niger","North-Central"
"321","441",100,0,70,30,100,129,0.76,0.685714285714286,0.933333333333333,5,0.8,0,NA,0,NA,"Kosofe","Lagos","Southwest"
"322","442",329,0,114,215,329,331,0.899696048632219,0.885964912280702,0.906976744186046,6,1,1,1,0,NA,"Kuagama","Jigawa","Northwest"
"323","443",7,0,7,0,7,8,0.142857142857143,0.142857142857143,NA,0,NA,0,NA,0,NA,"Kubau","Kaduna","Northwest"
"324","444",82,13,4,65,82,100,0.585365853658537,0,0.646153846153846,0,NA,0,NA,5,0,"Kudan","Kaduna","Northwest"
"325","446",97,0,49,48,97,105,0.597938144329897,0.571428571428571,0.625,22,0.727272727272727,1,0,2,1,"Kukawa","Borno","Northeast"
"326","447",58,0,17,41,58,79,0.672413793103448,0.588235294117647,0.707317073170732,4,0.5,3,0.666666666666667,7,0.285714285714286,"Kumbotso","Kano","Northwest"
"327","448",111,0,32,79,111,119,0.630630630630631,0.5,0.683544303797468,2,0.5,5,0.4,2,1,"Kurmi","Taraba","Northeast"
"328","449",55,3,29,23,55,110,0.654545454545455,0.586206896551724,0.782608695652174,0,NA,0,NA,0,NA,"Kunchi","Kano","Northwest"
"329","45",139,0,1,138,139,224,0.647482014388489,1,0.644927536231884,7,0.571428571428571,1,1,5,0.8,"Alkaleri","Bauchi","Northeast"
"330","450",130,0,100,30,130,429,0.615384615384615,0.62,0.6,6,1,1,1,3,0,"Kura","Kano","Northwest"
"331","451",143,0,5,138,143,316,0.678321678321678,0.8,0.673913043478261,8,0.625,1,0,10,0.7,"Kurfi","Katsina","Northwest"
"332","452",89,0,1,88,89,116,0.741573033707865,1,0.738636363636364,2,1,2,1,11,0.727272727272727,"Kusada","Katsina","Northwest"
"333","453",292,0,128,164,292,333,0.404109589041096,0.34375,0.451219512195122,9,0.333333333333333,0,NA,37,0.216216216216216,"Kwali","FCT","North-Central"
"334","454",79,0,72,7,79,182,0.329113924050633,0.291666666666667,0.714285714285714,0,NA,0,NA,0,NA,"Kwande","Benue","North-Central"
"335","455",109,29,3,77,109,144,0.293577981651376,0.333333333333333,0.233766233766234,0,NA,1,1,1,1,"Kwami","Gombe","Northeast"
"336","456",77,0,62,15,77,172,0.38961038961039,0.403225806451613,0.333333333333333,5,0.8,1,0,0,NA,"Kware","Sokoto","Northwest"
"337","458",118,0,60,58,118,317,0.593220338983051,0.766666666666667,0.413793103448276,6,0.666666666666667,4,0.5,5,0.2,"Lafia","Nasarawa","North-Central"
"338","46",122,0,118,4,122,255,0.590163934426229,0.593220338983051,0.5,3,0.666666666666667,2,0.5,0,NA,"Amuwo-Odofin","Lagos","Southwest"
"339","460",132,0,111,21,132,132,0.666666666666667,0.666666666666667,0.666666666666667,2,1,9,0.444444444444444,0,NA,"Lagos Island","Lagos","Southwest"
"340","461",424,0,399,25,424,442,0.792452830188679,0.791979949874687,0.8,3,0.666666666666667,19,0.842105263157895,1,1,"Lagos Mainland","Lagos","Southwest"
"341","462",35,0,28,7,35,73,0.342857142857143,0.357142857142857,0.285714285714286,2,0,0,NA,1,1,"Langtang South","Plateau","North-Central"
"342","463",156,0,107,49,156,364,0.5,0.476635514018692,0.551020408163265,7,0.714285714285714,1,1,1,1,"Langtang North","Plateau","North-Central"
"343","464",368,0,34,334,368,407,0.5,0.235294117647059,0.526946107784431,6,0.5,7,0.714285714285714,2,0.5,"Lapai","Niger","North-Central"
"344","466",82,0,32,50,82,89,0.524390243902439,0.34375,0.64,3,0,0,NA,4,0.25,"Lau","Taraba","Northeast"
"345","47",11,10,1,0,11,11,0.363636363636364,1,NA,0,NA,0,NA,0,NA,"Anambra East","Anambra","Southeast"
"346","470",45,0,24,21,45,55,0.577777777777778,0.666666666666667,0.476190476190476,9,0.444444444444444,1,0,0,NA,"Lokoja","Kogi","North-Central"
"347","471",127,0,8,119,127,169,0.771653543307087,0.875,0.764705882352941,20,0.75,0,NA,5,0.2,"Machina","Yobe","Northeast"
"348","472",142,0,21,121,142,153,0.676056338028169,0.714285714285714,0.669421487603306,3,0.666666666666667,1,0,3,1,"Madgali","Adamawa","Northeast"
"349","473",237,0,158,79,237,357,0.810126582278481,0.791139240506329,0.848101265822785,7,0.857142857142857,0,NA,1,0,"Madobi","Kano","Northwest"
"350","474",60,0,60,0,60,63,0.683333333333333,0.683333333333333,NA,0,NA,0,NA,0,NA,"Mafa","Borno","Northeast"
"351","475",124,0,46,78,124,181,0.491935483870968,0.478260869565217,0.5,1,1,0,NA,0,NA,"Magama","Niger","North-Central"
"352","476",43,0,39,4,43,45,0.697674418604651,0.692307692307692,0.75,4,0.75,0,NA,0,NA,"Magumeri","Borno","Northeast"
"353","477",194,0,4,190,194,603,0.582474226804124,0,0.594736842105263,79,0.810126582278481,1,0,39,0.717948717948718,"Mai'Adua","Katsina","Northwest"
"354","478",42,0,29,13,42,46,0.619047619047619,0.655172413793103,0.538461538461538,8,0.5,2,1,0,NA,"Maiduguri","Borno","Northeast"
"355","479",520,36,6,478,520,523,0.807692307692308,1,0.799163179916318,5,0.8,1,1,8,1,"Maigatari","Jigawa","Northwest"
"356","480",248,12,11,225,248,249,0.685483870967742,0.727272727272727,0.684444444444444,0,NA,0,NA,0,NA,"Maiha","Adamawa","Northeast"
"357","481",109,0,55,54,109,118,0.256880733944954,0.363636363636364,0.148148148148148,2,0,1,1,1,0,"Maiyama","Kebbi","Northwest"
"358","482",82,0,57,25,82,108,0.426829268292683,0.456140350877193,0.36,0,NA,0,NA,2,0,"Makarfi","Kaduna","Northwest"
"359","483",178,0,82,96,178,303,0.471910112359551,0.390243902439024,0.541666666666667,7,0.428571428571429,0,NA,5,0.4,"Makoda","Kano","Northwest"
"360","484",699,0,201,498,699,714,0.892703862660944,0.90547263681592,0.887550200803213,8,1,0,NA,10,0.7,"Malam-Maduri","Jigawa","Northwest"
"361","485",167,0,52,115,167,370,0.676646706586826,0.711538461538462,0.660869565217391,11,0.636363636363636,3,0.666666666666667,10,0.9,"Malumfashi","Katsina","Northwest"
"362","486",155,0,73,82,155,209,0.651612903225806,0.726027397260274,0.585365853658537,0,NA,4,0.25,5,0.4,"Mangu","Plateau","North-Central"
"363","487",133,0,35,98,133,313,0.473684210526316,0.342857142857143,0.520408163265306,15,0.466666666666667,3,0.666666666666667,6,0.5,"Mani","Katsina","Northwest"
"364","488",80,0,20,60,80,205,0.675,0.55,0.716666666666667,2,0.5,4,0.75,0,NA,"Maradun","Zamfara","Northwest"
"365","489",145,0,50,95,145,198,0.744827586206897,0.78,0.726315789473684,1,0,0,NA,5,0,"Mariga","Niger","North-Central"
"366","49",82,0,80,2,82,87,0.634146341463415,0.6375,0.5,2,1,1,1,0,NA,"Anaocha","Anambra","Southeast"
"367","490",81,0,29,52,81,103,0.580246913580247,0.620689655172414,0.557692307692308,3,0.666666666666667,5,0.6,3,1,"Makurdi","Benue","North-Central"
"368","491",28,0,24,4,28,32,0.535714285714286,0.5,0.75,1,1,0,NA,0,NA,"Marte","Borno","Northeast"
"369","493",58,0,30,28,58,74,0.344827586206897,0.433333333333333,0.25,13,0.692307692307692,0,NA,0,NA,"Mashegu","Niger","North-Central"
"370","495",211,0,97,114,211,238,0.549763033175355,0.443298969072165,0.640350877192982,11,0.0909090909090909,1,0,20,0.6,"Matazu","Katsina","Northwest"
"371","496",67,0,16,51,67,149,0.686567164179104,0.75,0.666666666666667,11,1,4,0.5,0,NA,"Mayo-Belwa","Adamawa","Northeast"
"372","497",183,0,183,0,183,194,0.704918032786885,0.704918032786885,NA,0,NA,0,NA,0,NA,"Mbaitoli","Imo","Southeast"
"373","5",43,0,41,2,43,43,0.627906976744186,0.658536585365854,0,2,0,0,NA,0,NA,"Aba North","Abia","Southeast"
"374","50",74,33,7,34,74,178,0.202702702702703,0.285714285714286,0.176470588235294,3,1,0,NA,0,NA,"Andoni","Rivers","South-South"
"375","502",207,41,11,155,207,318,0.613526570048309,0.636363636363636,0.6,10,0.9,1,0,5,0.8,"Minjibir","Kano","Northwest"
"376","503",124,0,70,54,124,190,0.725806451612903,0.628571428571429,0.851851851851852,0,NA,1,1,2,0.5,"Misau","Bauchi","Northeast"
"377","504",98,0,84,14,98,163,0.397959183673469,0.392857142857143,0.428571428571429,4,0.5,3,0.333333333333333,0,NA,"Moba","Ekiti","Southwest"
"378","505",57,0,40,17,57,58,0.807017543859649,0.85,0.705882352941177,1,1,10,0.6,0,NA,"Mobbar","Borno","Northeast"
"379","506",56,10,0,46,56,56,0.375,NA,0.41304347826087,1,0,0,NA,0,NA,"Mubi North","Adamawa","Northeast"
"380","507",89,0,13,76,89,89,0.460674157303371,0.307692307692308,0.486842105263158,3,0.666666666666667,0,NA,5,0.4,"Mubi South","Adamawa","Northeast"
"381","508",191,0,108,83,191,359,0.455497382198953,0.574074074074074,0.301204819277108,3,1,7,1,2,1,"Mokwa","Niger","North-Central"
"382","510",98,0,90,8,98,105,0.469387755102041,0.455555555555556,0.625,2,1,0,NA,0,NA,"Mopa Muro","Kogi","North-Central"
"383","511",270,0,54,216,270,327,0.666666666666667,0.740740740740741,0.648148148148148,19,0.684210526315789,9,0.888888888888889,2,0,"Moro","Kwara","North-Central"
"384","513",190,0,164,26,190,209,0.389473684210526,0.420731707317073,0.192307692307692,6,0.166666666666667,0,NA,0,NA,"Mpkat-Enin","Akwa Ibom","South-South"
"385","514",224,0,135,89,224,244,0.625,0.703703703703704,0.50561797752809,29,0.655172413793103,13,0.846153846153846,23,0.173913043478261,"Municipal-Area-Council","FCT","North-Central"
"386","516",117,0,72,45,117,119,0.752136752136752,0.833333333333333,0.622222222222222,6,0.666666666666667,1,0,11,0.727272727272727,"Mushin","Lagos","Southwest"
"387","517",91,35,1,55,91,144,0.450549450549451,1,0.436363636363636,2,0.5,4,0.5,17,0.470588235294118,"Nafada","Gombe","Northeast"
"388","518",63,50,5,8,63,73,0.619047619047619,0.8,0.25,6,0.666666666666667,0,NA,0,NA,"Nangere","Yobe","Northeast"
"389","519",219,0,138,81,219,232,0.666666666666667,0.659420289855073,0.679012345679012,9,0.888888888888889,39,0.82051282051282,2,1,"Nassarawa","Kano","Northwest"
"390","52",15,0,15,0,15,23,0.2,0.2,NA,0,NA,0,NA,0,NA,"Aniocha North","Delta","South-South"
"391","520",104,41,11,52,104,161,0.346153846153846,0.454545454545455,0.346153846153846,4,0,1,1,1,0,"Nasarawa","Nasarawa","North-Central"
"392","521",73,35,9,29,73,85,0.520547945205479,0.333333333333333,0.586206896551724,0,NA,0,NA,0,NA,"Nasarawa-Eggon","Nasarawa","North-Central"
"393","522",147,59,42,46,147,155,0.435374149659864,0.69047619047619,0.217391304347826,0,NA,0,NA,0,NA,"Ndokwa-East","Delta","South-South"
"394","523",107,0,83,24,107,113,0.495327102803738,0.506024096385542,0.458333333333333,0,NA,0,NA,0,NA,"Ndokwa-West","Delta","South-South"
"395","524",76,66,5,5,76,98,0.144736842105263,0.4,0.4,0,NA,0,NA,0,NA,"Nembe","Bayelsa","South-South"
"396","525",32,0,32,0,32,33,0.75,0.75,NA,0,NA,0,NA,0,NA,"Ngala","Borno","Northeast"
"397","526",22,0,13,9,22,25,0.772727272727273,0.692307692307692,0.888888888888889,5,0.8,0,NA,1,1,"Nganzai","Borno","Northeast"
"398","527",179,28,0,151,179,191,0.486033519553073,NA,0.549668874172185,8,0.125,1,1,6,0,"Ngaski","Kebbi","Northwest"
"399","529",377,0,11,366,377,383,0.843501326259947,1,0.83879781420765,30,0.766666666666667,8,0.625,5,0.8,"Nguru","Yobe","Northeast"
"400","53",77,0,48,29,77,95,0.584415584415584,0.645833333333333,0.482758620689655,17,0.352941176470588,2,0.5,4,1,"Aniocha South","Delta","South-South"
"401","530",131,0,31,100,131,168,0.717557251908397,0.645161290322581,0.74,2,0.5,0,NA,5,0.4,"Ningi","Bauchi","Northeast"
"402","531",55,22,30,3,55,55,0.4,0.5,0,19,0.421052631578947,1,0,0,NA,"Njaba","Imo","Southeast"
"403","532",179,0,106,73,179,179,0.731843575418994,0.707547169811321,0.767123287671233,35,0.685714285714286,9,0.888888888888889,0,NA,"Njikoka","Anambra","Southeast"
"404","533",25,0,1,24,25,25,0.6,1,0.583333333333333,0,NA,0,NA,0,NA,"Nkanu East","Enugu","Southeast"
"405","534",75,0,75,0,75,80,0.36,0.36,NA,0,NA,0,NA,0,NA,"Nkanu West","Enugu","Southeast"
"406","535",49,0,49,0,49,62,0.63265306122449,0.63265306122449,NA,0,NA,0,NA,0,NA,"Nkwerre","Imo","Southeast"
"407","536",60,0,54,6,60,61,0.5,0.444444444444444,1,1,1,5,1,0,NA,"Nnewi North","Anambra","Southeast"
"408","537",44,34,10,0,44,44,0.431818181818182,0.6,NA,1,1,1,0,0,NA,"Nnewi South","Anambra","Southeast"
"409","538",16,0,16,0,16,16,0.5,0.5,NA,0,NA,0,NA,0,NA,"Nsit-Atai","Akwa Ibom","South-South"
"410","539",131,0,112,19,131,139,0.595419847328244,0.633928571428571,0.368421052631579,6,0.333333333333333,1,0,0,NA,"Nsit-Ibom","Akwa Ibom","South-South"
"411","54",128,37,2,89,128,194,0.5234375,1,0.595505617977528,2,0,1,0,5,0.4,"Anka","Zamfara","Northwest"
"412","541",35,0,34,1,35,46,0.371428571428571,0.382352941176471,0,0,NA,0,NA,0,NA,"Nsukka","Enugu","Southeast"
"413","542",36,0,6,30,36,39,0.5,0.5,0.5,1,0,0,NA,1,1,"Numan","Adamawa","Northeast"
"414","544",127,93,23,11,127,159,0.559055118110236,0.826086956521739,0.272727272727273,16,0.75,3,0.666666666666667,1,1,"Obafemi-Owode","Ogun","Southwest"
"415","545",75,0,61,14,75,90,0.626666666666667,0.704918032786885,0.285714285714286,8,0,0,NA,0,NA,"Obanliku","Cross River","South-South"
"416","547",207,0,52,155,207,372,0.560386473429952,0.519230769230769,0.574193548387097,4,0.5,6,0.833333333333333,9,0.888888888888889,"Obi","Benue","North-Central"
"417","549",77,0,67,10,77,100,0.688311688311688,0.686567164179104,0.7,0,NA,9,0.777777777777778,0,NA,"Obio/Akpor","Rivers","South-South"
"418","55",30,0,21,9,30,30,0.333333333333333,0.380952380952381,0.222222222222222,3,0.666666666666667,0,NA,0,NA,"Ankpa","Kogi","North-Central"
"419","550",113,0,83,30,113,198,0.31858407079646,0.301204819277108,0.366666666666667,5,0.4,4,0.75,3,0.333333333333333,"Obokun","Osun","Southwest"
"420","551",63,0,63,0,63,64,0.492063492063492,0.492063492063492,NA,0,NA,0,NA,0,NA,"Obot-Akara","Akwa Ibom","South-South"
"421","552",73,44,28,1,73,85,0.493150684931507,0.607142857142857,0,16,0.375,1,0,1,0,"Obowo","Imo","Southeast"
"422","553",183,0,148,35,183,205,0.469945355191257,0.412162162162162,0.714285714285714,2,1,0,NA,1,1,"Obubra","Cross River","South-South"
"423","554",162,0,126,36,162,178,0.641975308641975,0.642857142857143,0.638888888888889,8,0.375,0,NA,3,0.666666666666667,"Obudu","Cross River","South-South"
"424","556",150,0,80,70,150,209,0.453333333333333,0.425,0.485714285714286,2,1,6,0.666666666666667,14,0.285714285714286,"Odigbo","Ondo","Southwest"
"425","557",351,0,342,9,351,372,0.732193732193732,0.728070175438597,0.888888888888889,5,1,2,0,0,NA,"Odogbolu","Ogun","Southwest"
"426","56",20,0,2,18,20,53,0.15,0,0.166666666666667,0,NA,2,0,0,NA,"Apa","Benue","North-Central"
"427","560",364,0,280,84,364,599,0.409340659340659,0.367857142857143,0.547619047619048,9,0.666666666666667,24,0.791666666666667,3,0.333333333333333,"Offa","Kwara","North-Central"
"428","561",23,0,10,13,23,29,0.391304347826087,0.5,0.307692307692308,6,0.333333333333333,1,1,0,NA,"Ofu","Kogi","North-Central"
"429","562",149,0,75,74,149,177,0.664429530201342,0.666666666666667,0.662162162162162,16,0.6875,46,0.826086956521739,1,0,"Ogba/Egbema/Ndoni","Rivers","South-South"
"430","563",31,0,17,14,31,40,0.290322580645161,0.352941176470588,0.214285714285714,3,0.333333333333333,0,NA,6,0.333333333333333,"Ogbadibo","Benue","North-Central"
"431","564",209,0,208,1,209,219,0.77511961722488,0.774038461538462,1,0,NA,0,NA,0,NA,"Ogbaru","Anambra","Southeast"
"432","565",47,0,47,0,47,54,0.191489361702128,0.191489361702128,NA,0,NA,0,NA,0,NA,"Ogbia","Bayelsa","South-South"
"433","566",151,0,136,15,151,223,0.410596026490066,0.426470588235294,0.266666666666667,0,NA,1,1,3,0.333333333333333,"Ogbomoso North","Oyo","Southwest"
"434","567",116,0,88,28,116,241,0.448275862068966,0.409090909090909,0.571428571428571,9,0.777777777777778,3,1,1,1,"Ogbomoso South","Oyo","Southwest"
"435","568",84,37,11,36,84,85,0.761904761904762,0.818181818181818,0.638888888888889,1,1,0,NA,0,NA,"Ogo Bolo","Rivers","South-South"
"436","569",135,0,77,58,135,138,0.481481481481481,0.376623376623377,0.620689655172414,4,0.75,1,1,4,0.5,"Ogoja","Cross River","South-South"
"437","57",94,78,15,1,94,117,0.872340425531915,0.533333333333333,0,4,0.75,7,0.571428571428571,0,NA,"Apapa","Lagos","Southwest"
"438","570",149,76,10,63,149,447,0.483221476510067,0.2,0.396825396825397,13,0.461538461538462,8,0.5,14,0.642857142857143,"Ogo Oluwa","Oyo","Southwest"
"439","571",55,0,44,11,55,114,0.4,0.386363636363636,0.454545454545455,2,0.5,2,1,0,NA,"Ogori/Magongo","Kogi","North-Central"
"440","572",105,86,9,10,105,109,0.6,0.666666666666667,0.5,37,0.675675675675676,4,1,2,0.5,"Ogun waterside","Ogun","Southwest"
"441","573",98,0,94,4,98,107,0.316326530612245,0.329787234042553,0,1,0,0,NA,0,NA,"Oguta","Imo","Southeast"
"442","575",329,0,175,154,329,336,0.425531914893617,0.371428571428571,0.487012987012987,19,0.263157894736842,3,0,3,0.333333333333333,"Ohaji/Egbema","Imo","Southeast"
"443","576",131,2,7,122,131,131,0.725190839694656,0.571428571428571,0.729508196721312,1,1,0,NA,0,NA,"Ohaozara","Ebonyi","Southeast"
"444","577",279,0,122,157,279,319,0.634408602150538,0.647540983606557,0.624203821656051,2,1,1,0,0,NA,"Ohaukwu","Ebonyi","Southeast"
"445","578",34,0,33,1,34,48,0.147058823529412,0.151515151515152,0,0,NA,0,NA,0,NA,"Ohimini","Benue","North-Central"
"446","580",86,58,23,5,86,86,0.488372093023256,0.695652173913043,0.2,15,0.666666666666667,6,0.833333333333333,0,NA,"Oji-River","Enugu","Southeast"
"447","581",134,0,123,11,134,162,0.574626865671642,0.569105691056911,0.636363636363636,3,0.666666666666667,2,0.5,2,1,"Ojo","Lagos","Southwest"
"448","582",180,0,112,68,180,197,0.633333333333333,0.589285714285714,0.705882352941177,1,1,4,0.75,4,0.5,"Oju","Benue","North-Central"
"449","583",78,34,5,39,78,95,0.397435897435897,0.2,0.358974358974359,1,1,22,0.590909090909091,3,0,"Okehi","Kogi","North-Central"
"450","584",91,0,50,41,91,126,0.604395604395604,0.58,0.634146341463415,8,0.625,16,0.5625,2,1,"Okene","Kogi","North-Central"
"451","585",155,30,19,106,155,186,0.52258064516129,0.473684210526316,0.518867924528302,2,0,17,0.764705882352941,0,NA,"Oke-Ero","Kwara","North-Central"
"452","586",46,0,44,2,46,50,0.782608695652174,0.772727272727273,1,1,1,0,NA,0,NA,"Okigwe","Imo","Southeast"
"453","587",332,0,228,104,332,343,0.753012048192771,0.75,0.759615384615385,83,0.891566265060241,5,0.4,5,0,"Okitipupa","Ondo","Southwest"
"454","588",57,0,27,30,57,65,0.210526315789474,0.259259259259259,0.166666666666667,4,0,9,0.444444444444444,0,NA,"Okobo","Akwa Ibom","South-South"
"455","589",72,0,59,13,72,125,0.458333333333333,0.508474576271186,0.230769230769231,0,NA,4,0.5,0,NA,"Okpe","Delta","South-South"
"456","59",53,0,50,3,53,54,0.584905660377358,0.58,0.666666666666667,0,NA,0,NA,1,0,"Ardo-Kola","Taraba","Northeast"
"457","590",166,12,129,25,166,179,0.481927710843373,0.511627906976744,0.32,12,0.666666666666667,0,NA,0,NA,"Okrika","Rivers","South-South"
"458","591",18,0,16,2,18,21,0.166666666666667,0.125,0.5,0,NA,1,0,1,1,"Olamabolo","Kogi","North-Central"
"459","592",107,38,25,44,107,197,0.345794392523364,0.24,0.363636363636364,2,0.5,6,0.5,0,NA,"Ola-oluwa","Osun","Southwest"
"460","593",101,0,23,78,101,135,0.772277227722772,0.652173913043478,0.807692307692308,12,0.5,6,0.5,0,NA,"Olorunda","Osun","Southwest"
"461","594",74,0,32,42,74,184,0.472972972972973,0.40625,0.523809523809524,7,0.571428571428571,3,1,1,1,"Olorunsogo","Oyo","Southwest"
"462","595",87,0,65,22,87,113,0.494252873563218,0.538461538461538,0.363636363636364,5,0,0,NA,1,0,"Oluyole","Oyo","Southwest"
"463","598",73,0,39,34,73,230,0.246575342465753,0.179487179487179,0.323529411764706,5,0.4,2,0.5,2,0.5,"Ona-ara","Oyo","Southwest"
"464","6",13,0,12,1,13,15,0.615384615384615,0.583333333333333,1,0,NA,0,NA,0,NA,"Aba South","Abia","Southeast"
"465","60",51,39,3,9,51,95,0.529411764705882,0.666666666666667,0.222222222222222,22,0.909090909090909,0,NA,1,1,"Arewa-Dandi","Kebbi","Northwest"
"466","600",102,0,70,32,102,127,0.382352941176471,0.3,0.5625,0,NA,8,0.625,3,0,"Ondo west","Ondo","Southwest"
"467","601",5,0,0,5,5,28,0.6,NA,0.6,0,NA,0,NA,0,NA,"Onicha","Ebonyi","Southeast"
"468","602",51,0,48,3,51,52,0.843137254901961,0.833333333333333,1,1,1,2,1,0,NA,"Onitsha North","Anambra","Southeast"
"469","603",53,0,51,2,53,53,0.830188679245283,0.823529411764706,1,1,1,1,1,0,NA,"Onitsha","Anambra","Southeast"
"470","604",153,0,90,63,153,153,0.300653594771242,0.333333333333333,0.253968253968254,10,0.3,29,0.310344827586207,1,0,"Onna","Akwa Ibom","South-South"
"471","605",47,0,23,24,47,57,0.234042553191489,0.217391304347826,0.25,1,0,3,0.333333333333333,0,NA,"Okpokwu","Benue","North-Central"
"472","606",117,0,99,18,117,175,0.461538461538462,0.525252525252525,0.111111111111111,0,NA,0,NA,0,NA,"Opobo/Nkoro","Rivers","South-South"
"473","607",126,0,126,0,126,128,0.880952380952381,0.880952380952381,NA,0,NA,1,1,0,NA,"Oredo","Edo","South-South"
"474","608",91,0,66,25,91,105,0.428571428571429,0.515151515151515,0.2,2,0,1,1,0,NA,"Orelope","Oyo","Southwest"
"475","609",394,0,248,146,394,791,0.411167512690355,0.334677419354839,0.541095890410959,7,0.571428571428571,56,0.464285714285714,9,0.666666666666667,"Oriade","Osun","Southwest"
"476","61",139,0,97,42,139,250,0.568345323741007,0.525773195876289,0.666666666666667,10,0.7,3,1,2,1,"Argungu","Kebbi","Northwest"
"477","611",63,0,54,9,63,71,0.650793650793651,0.666666666666667,0.555555555555556,0,NA,0,NA,0,NA,"Orlu","Imo","Southeast"
"478","612",50,0,46,4,50,109,0.4,0.41304347826087,0.25,0,NA,1,1,1,1,"Orolu","Osun","Southwest"
"479","613",103,0,92,11,103,103,0.699029126213592,0.673913043478261,0.909090909090909,11,0.909090909090909,0,NA,0,NA,"Oron","Akwa Ibom","South-South"
"480","614",78,0,61,17,78,82,0.564102564102564,0.573770491803279,0.529411764705882,1,0,0,NA,0,NA,"Orsu","Imo","Southeast"
"481","615",41,0,41,0,41,47,0.609756097560976,0.609756097560976,NA,0,NA,0,NA,0,NA,"Oru East","Imo","Southeast"
"482","617",54,0,53,1,54,60,0.37037037037037,0.358490566037736,1,0,NA,2,1,0,NA,"Orumba North","Anambra","Southeast"
"483","619",47,0,44,3,47,50,0.531914893617021,0.545454545454545,0.333333333333333,0,NA,2,0.5,0,NA,"Oru West","Imo","Southeast"
"484","62",23,17,3,3,23,23,0.608695652173913,1,0.333333333333333,3,0.333333333333333,0,NA,0,NA,"Arochukwu","Abia","Southeast"
"485","620",91,45,30,16,91,101,0.604395604395604,0.633333333333333,0.4375,5,0.6,4,1,2,1,"Ose","Ondo","Southwest"
"486","621",80,0,78,2,80,141,0.525,0.538461538461538,0,0,NA,0,NA,0,NA,"Oshimili North","Delta","South-South"
"487","622",90,0,83,7,90,91,0.711111111111111,0.746987951807229,0.285714285714286,3,0.333333333333333,3,0.333333333333333,0,NA,"Oshimili South","Delta","South-South"
"488","623",38,0,37,1,38,40,0.710526315789474,0.702702702702703,1,0,NA,1,1,1,1,"Oshodi-Isolo","Lagos","Southwest"
"489","624",22,0,21,1,22,23,0.181818181818182,0.19047619047619,0,1,0,0,NA,0,NA,"Osisioma Ngwa","Abia","Southeast"
"490","625",106,0,68,38,106,218,0.632075471698113,0.514705882352941,0.842105263157895,0,NA,17,0.823529411764706,0,NA,"Osogbo","Osun","Southwest"
"491","626",14,0,9,5,14,25,0.428571428571429,0.333333333333333,0.6,1,1,0,NA,1,0,"Oturkpo","Benue","North-Central"
"492","627",104,0,103,1,104,115,0.528846153846154,0.533980582524272,0,1,0,0,NA,0,NA,"Ovia North East","Edo","South-South"
"493","628",1,0,1,0,1,1,1,1,NA,0,NA,0,NA,0,NA,"Ovia-South-West","Edo","South-South"
"494","629",43,0,33,10,43,55,0.651162790697674,0.757575757575758,0.3,2,0.5,0,NA,3,0,"Owan East","Edo","South-South"
"495","630",31,0,27,4,31,36,0.225806451612903,0.259259259259259,0,0,NA,0,NA,0,NA,"Owan West","Edo","South-South"
"496","631",223,0,222,1,223,223,0.84304932735426,0.846846846846847,0,0,NA,0,NA,0,NA,"Owerri-Municipal","Imo","Southeast"
"497","632",174,0,114,60,174,174,0.649425287356322,0.631578947368421,0.683333333333333,19,0.684210526315789,29,0.724137931034483,0,NA,"Owerri North","Imo","Southeast"
"498","633",262,0,217,45,262,267,0.755725190839695,0.778801843317972,0.644444444444444,12,0.75,1,1,0,NA,"Owerri West","Imo","Southeast"
"499","634",142,0,122,20,142,211,0.507042253521127,0.483606557377049,0.65,6,0.5,1,0,2,0.5,"Owo","Ondo","Southwest"
"500","635",94,17,32,45,94,115,0.436170212765957,0.46875,0.511111111111111,13,0.538461538461538,5,0.2,0,NA,"Oye","Ekiti","Southwest"
"501","636",121,0,115,6,121,124,0.685950413223141,0.704347826086957,0.333333333333333,5,0.4,1,1,0,NA,"Oyi","Anambra","Southeast"
"502","637",132,0,100,32,132,138,0.446969696969697,0.46,0.40625,7,0.571428571428571,0,NA,0,NA,"Oyigbo","Rivers","South-South"
"503","638",86,0,28,58,86,196,0.465116279069767,0.5,0.448275862068966,13,0.461538461538462,13,0.692307692307692,3,0.333333333333333,"Oyo","Oyo","Southwest"
"504","639",110,0,51,59,110,166,0.572727272727273,0.431372549019608,0.694915254237288,8,0.625,10,0.7,3,0.666666666666667,"Oyo East","Oyo","Southwest"
"505","64",78,51,2,25,78,137,0.576923076923077,0.5,0.52,0,NA,0,NA,0,NA,"Asari Toru","Rivers","South-South"
"506","640",264,0,162,102,264,467,0.443181818181818,0.358024691358025,0.57843137254902,9,0.888888888888889,8,0.625,1,1,"Oyun","Kwara","North-Central"
"507","641",206,0,161,45,206,276,0.752427184466019,0.708074534161491,0.911111111111111,3,1,1,1,1,1,"Paikoro","Niger","North-Central"
"508","642",129,23,1,105,129,136,0.573643410852713,1,0.571428571428571,2,1,0,NA,2,0.5,"Pankshin","Plateau","North-Central"
"509","643",52,0,44,8,52,61,0.403846153846154,0.431818181818182,0.25,1,0,0,NA,4,0.5,"Patani","Delta","South-South"
"510","644",246,54,19,173,246,320,0.556910569105691,0.368421052631579,0.53757225433526,23,0.521739130434783,6,1,1,1,"Patigi","Kwara","North-Central"
"511","645",116,0,107,9,116,117,0.818965517241379,0.813084112149533,0.888888888888889,5,1,4,0.75,0,NA,"Port-Harcourt","Rivers","South-South"
"512","646",43,0,12,31,43,100,0.767441860465116,0.833333333333333,0.741935483870968,27,0.740740740740741,0,NA,1,1,"Potiskum","Yobe","Northeast"
"513","647",114,0,37,77,114,197,0.631578947368421,0.594594594594595,0.649350649350649,5,0.8,0,NA,1,1,"Qua'an-Pan","Plateau","North-Central"
"514","648",89,0,56,33,89,160,0.48314606741573,0.446428571428571,0.545454545454545,4,0.5,1,0,4,0.75,"Rabah","Sokoto","Northwest"
"515","649",291,23,14,254,291,364,0.577319587628866,0.357142857142857,0.598425196850394,2,0,5,0.6,6,0.333333333333333,"Rafi","Niger","North-Central"
"516","65",50,0,47,3,50,50,0.34,0.361702127659574,0,1,0,0,NA,0,NA,"Askira/Uba","Borno","Northeast"
"517","650",123,0,64,59,123,270,0.67479674796748,0.71875,0.627118644067797,3,0.666666666666667,0,NA,0,NA,"Rano","Kano","Northwest"
"518","651",41,0,10,31,41,83,0.634146341463415,0.8,0.580645161290323,19,0.736842105263158,4,0.25,1,1,"Remo North","Ogun","Southwest"
"519","652",214,0,80,134,214,326,0.663551401869159,0.65,0.671641791044776,2,0.5,0,NA,2,1,"Rijau","Niger","North-Central"
"520","653",199,0,117,82,199,336,0.653266331658292,0.760683760683761,0.5,3,0.333333333333333,0,NA,12,0.5,"Rimi","Katsina","Northwest"
"521","654",210,0,104,106,210,450,0.671428571428571,0.519230769230769,0.820754716981132,0,NA,1,1,5,0.4,"Rimin Gado","Kano","Northwest"
"522","655",685,67,21,597,685,814,0.732846715328467,0.619047619047619,0.737018425460637,26,0.730769230769231,0,NA,14,0.785714285714286,"Ringim","Jigawa","Northwest"
"523","657",124,0,69,55,124,167,0.620967741935484,0.507246376811594,0.763636363636364,2,0,0,NA,12,0.75,"Rogo","Kano","Northwest"
"524","658",235,0,70,165,235,400,0.540425531914894,0.314285714285714,0.636363636363636,9,0.888888888888889,2,1,4,1,"Roni","Jigawa","Northwest"
"525","659",135,0,82,53,135,434,0.488888888888889,0.451219512195122,0.547169811320755,3,0.333333333333333,0,NA,3,0.666666666666667,"Sabon-Birni","Sokoto","Northwest"
"526","660",64,0,35,29,64,79,0.5,0.571428571428571,0.413793103448276,0,NA,1,1,2,0.5,"Sabon-Gari","Kaduna","Northwest"
"527","661",103,0,32,71,103,187,0.398058252427184,0.40625,0.394366197183099,2,0.5,1,1,14,0.142857142857143,"Sabuwa","Katsina","Northwest"
"528","662",89,0,53,36,89,129,0.775280898876405,0.754716981132076,0.805555555555556,1,0,1,1,4,0.75,"Safana","Katsina","Northwest"
"529","664",56,13,0,43,56,80,0.464285714285714,NA,0.488372093023256,0,NA,0,NA,0,NA,"Sakaba","Kebbi","Northwest"
"530","665",91,0,59,32,91,129,0.450549450549451,0.491525423728814,0.375,2,0.5,2,1,7,0.428571428571429,"Saki East","Oyo","Southwest"
"531","666",96,0,58,38,96,256,0.666666666666667,0.655172413793103,0.684210526315789,3,1,1,1,1,1,"Saki west","Oyo","Southwest"
"532","667",125,0,90,35,125,161,0.44,0.477777777777778,0.342857142857143,7,0.285714285714286,4,0,8,0.25,"Sandamu","Katsina","Northwest"
"533","668",8,0,4,4,8,11,0.25,0.5,0,0,NA,0,NA,0,NA,"Sanga","Kaduna","Northwest"
"534","669",79,0,76,3,79,97,0.367088607594937,0.381578947368421,0,0,NA,0,NA,0,NA,"Sapele","Delta","South-South"
"535","67",91,0,67,24,91,161,0.340659340659341,0.343283582089552,0.333333333333333,1,0,11,0.545454545454545,4,0.75,"Atakunmosa West","Osun","Southwest"
"536","671",291,0,219,72,291,308,0.74914089347079,0.73972602739726,0.777777777777778,36,0.777777777777778,40,0.775,7,0.714285714285714,"Shagamu","Ogun","Southwest"
"537","672",135,0,84,51,135,280,0.385185185185185,0.44047619047619,0.294117647058824,16,0.25,0,NA,6,0,"Shagari","Sokoto","Northwest"
"538","673",131,0,14,117,131,174,0.526717557251908,0.5,0.52991452991453,5,0.4,0,NA,1,0,"Shanga","Kebbi","Northwest"
"539","675",113,0,64,49,113,199,0.646017699115044,0.6875,0.591836734693878,3,0,0,NA,2,0.5,"Shanono","Kano","Northwest"
"540","676",93,21,0,72,93,96,0.548387096774194,NA,0.569444444444444,0,NA,0,NA,0,NA,"Shelleng","Adamawa","Northeast"
"541","677",152,0,25,127,152,196,0.388157894736842,0.48,0.37007874015748,2,0,4,0.25,21,0.285714285714286,"Shendam","Plateau","North-Central"
"542","678",160,0,100,60,160,248,0.51875,0.59,0.4,2,1,0,NA,1,0,"Shinkafi","Zamfara","Northwest"
"543","679",45,0,27,18,45,50,0.733333333333333,0.740740740740741,0.722222222222222,0,NA,0,NA,0,NA,"Shira","Bauchi","Northeast"
"544","68",85,0,78,7,85,248,0.411764705882353,0.423076923076923,0.285714285714286,1,1,0,NA,3,0.333333333333333,"Atiba","Oyo","Southwest"
"545","680",128,0,23,105,128,150,0.59375,0.695652173913043,0.571428571428571,1,1,5,0.6,3,0.666666666666667,"Shiroro","Niger","North-Central"
"546","681",63,5,1,57,63,65,0.523809523809524,0,0.491228070175439,0,NA,0,NA,3,1,"Shongom","Gombe","Northeast"
"547","682",318,0,275,43,318,448,0.836477987421384,0.825454545454545,0.906976744186046,4,0.75,36,0.944444444444444,2,0.5,"Shomolu","Lagos","Southwest"
"548","683",61,0,50,11,61,123,0.311475409836066,0.32,0.272727272727273,0,NA,0,NA,0,NA,"Silame","Sokoto","Northwest"
"549","684",210,0,3,207,210,328,0.576190476190476,0.666666666666667,0.57487922705314,5,0.2,1,0,8,0.375,"Soba","Kaduna","Northwest"
"550","685",23,0,20,3,23,23,0.739130434782609,0.7,1,1,1,0,NA,1,1,"Sokoto North","Sokoto","Northwest"
"551","686",6,0,3,3,6,11,0.833333333333333,1,0.666666666666667,1,0,0,NA,2,1,"Sokoto South","Sokoto","Northwest"
"552","689",107,0,40,67,107,112,0.588785046728972,0.65,0.552238805970149,0,NA,4,0.75,4,0.75,"Suleja","Niger","North-Central"
"553","69",129,0,120,9,129,179,0.472868217054264,0.475,0.444444444444444,0,NA,2,1,0,NA,"Atisbo","Oyo","Southwest"
"554","691",105,21,3,81,105,141,0.542857142857143,0.666666666666667,0.62962962962963,4,0.25,2,0,10,0.5,"Sumaila","Kano","Northwest"
"555","693",244,0,92,152,244,581,0.487704918032787,0.467391304347826,0.5,12,0.666666666666667,11,0.727272727272727,26,0.538461538461538,"Surulere","Oyo","Southwest"
"556","694",185,0,182,3,185,253,0.718918918918919,0.714285714285714,1,0,NA,2,0.5,0,NA,"Surulere","Lagos","Southwest"
"557","695",86,0,43,43,86,110,0.627906976744186,0.627906976744186,0.627906976744186,0,NA,0,NA,0,NA,"Tafa","Niger","North-Central"
"558","696",40,0,0,40,40,92,0.625,NA,0.625,3,0.666666666666667,0,NA,0,NA,"Tafawa-Balewa","Bauchi","Northeast"
"559","697",46,0,29,17,46,77,0.478260869565217,0.344827586206897,0.705882352941177,0,NA,0,NA,0,NA,"Tai","Rivers","South-South"
"560","7",101,0,73,28,101,120,0.524752475247525,0.465753424657534,0.678571428571429,17,0.882352941176471,4,1,3,1,"Abeokuta North","Ogun","Southwest"
"561","700",128,0,15,113,128,193,0.71875,0.533333333333333,0.743362831858407,6,0.166666666666667,2,1,18,0.666666666666667,"Talata-Mafara","Zamfara","Northwest"
"562","702",36,22,1,13,36,112,0.388888888888889,1,0.230769230769231,1,0,0,NA,2,1,"Tangaza","Sokoto","Northwest"
"563","703",69,0,45,24,69,78,0.594202898550725,0.533333333333333,0.708333333333333,0,NA,1,0,1,1,"Tarauni","Kano","Northwest"
"564","704",114,0,81,33,114,1124,0.526315789473684,0.54320987654321,0.484848484848485,6,0.5,2,1,1,0,"Tarka","Benue","North-Central"
"565","705",104,51,33,20,104,193,0.605769230769231,0.606060606060606,0.65,29,0.793103448275862,0,NA,8,0.375,"Tarmuwa","Yobe","Northeast"
"566","706",466,0,67,399,466,496,0.839055793991416,0.746268656716418,0.854636591478697,5,0.6,0,NA,2,1,"Taura","Jigawa","Northwest"
"567","707",81,0,81,0,81,94,0.679012345679012,0.679012345679012,NA,0,NA,0,NA,0,NA,"Teungo","Adamawa","Northeast"
"568","708",183,0,89,94,183,218,0.644808743169399,0.662921348314607,0.627659574468085,4,0.5,1,1,7,0.285714285714286,"Tofa","Kano","Northwest"
"569","709",169,0,10,159,169,326,0.544378698224852,0.5,0.547169811320755,9,0.333333333333333,6,0.666666666666667,4,0.5,"Toro","Bauchi","Northeast"
"570","71",301,0,36,265,301,343,0.817275747508306,0.666666666666667,0.837735849056604,12,0.666666666666667,3,0,5,0.6,"Auyo","Jigawa","Northwest"
"571","711",171,24,19,128,171,301,0.514619883040936,0.315789473684211,0.53125,0,NA,3,0.666666666666667,13,0.615384615384615,"Tsafe","Zamfara","Northwest"
"572","712",243,0,127,116,243,330,0.666666666666667,0.606299212598425,0.732758620689655,1,0,1,0,1,1,"Tsanyawa","Kano","Northwest"
"573","713",162,0,26,136,162,474,0.592592592592593,0.423076923076923,0.625,7,0.285714285714286,0,NA,9,0,"Tudun-Wada","Kano","Northwest"
"574","714",83,34,4,45,83,240,0.240963855421687,0.5,0.111111111111111,2,0,0,NA,3,0.666666666666667,"Tureta","Sokoto","Northwest"
"575","715",24,0,23,1,24,38,0.333333333333333,0.347826086956522,0,0,NA,1,0,0,NA,"Udenu","Enugu","Southeast"
"576","716",69,0,31,38,69,73,0.492753623188406,0.580645161290323,0.421052631578947,23,0.478260869565217,11,0.454545454545455,0,NA,"Udi","Enugu","Southeast"
"577","717",83,33,32,18,83,91,0.325301204819277,0.375,0.222222222222222,1,0,0,NA,0,NA,"Udu","Delta","South-South"
"578","718",56,35,9,12,56,66,0.196428571428571,0.444444444444444,0,0,NA,0,NA,0,NA,"Udung Uko","Akwa Ibom","South-South"
"579","719",126,0,121,5,126,130,0.650793650793651,0.661157024793388,0.4,0,NA,0,NA,1,0,"Ughelli North","Delta","South-South"
"580","72",105,22,6,77,105,127,0.647619047619048,0.666666666666667,0.662337662337662,0,NA,0,NA,0,NA,"Awe","Nasarawa","North-Central"
"581","720",105,0,78,27,105,118,0.266666666666667,0.217948717948718,0.407407407407407,12,0.416666666666667,0,NA,4,0.5,"Ughelli South","Delta","South-South"
"582","721",90,0,87,3,90,114,0.333333333333333,0.344827586206897,0,0,NA,1,0,0,NA,"Ugwunagbo","Abia","Southeast"
"583","722",85,0,84,1,85,88,0.670588235294118,0.678571428571429,0,0,NA,0,NA,0,NA,"Uhunmwonde","Edo","South-South"
"584","723",43,0,32,11,43,50,0.372093023255814,0.34375,0.454545454545455,2,0,0,NA,0,NA,"Ukanafun","Akwa Ibom","South-South"
"585","724",90,0,42,48,90,192,0.388888888888889,0.428571428571429,0.354166666666667,1,0,2,1,1,1,"Ukum","Benue","North-Central"
"586","725",24,15,1,8,24,24,0.541666666666667,0,0.875,0,NA,0,NA,0,NA,"Ukwa East","Abia","Southeast"
"587","726",57,0,57,0,57,59,0.543859649122807,0.543859649122807,NA,0,NA,0,NA,0,NA,"Ukwa West","Abia","Southeast"
"588","728",98,0,98,0,98,114,0.755102040816326,0.755102040816326,NA,0,NA,0,NA,0,NA,"Umuahia North","Abia","Southeast"
"589","729",37,0,33,4,37,39,0.540540540540541,0.515151515151515,0.75,3,0.666666666666667,0,NA,0,NA,"Umuahia South","Abia","Southeast"
"590","73",27,0,14,13,27,37,0.296296296296296,0.285714285714286,0.307692307692308,3,0.333333333333333,0,NA,0,NA,"Awgu","Enugu","Southeast"
"591","730",26,23,3,0,26,34,0.423076923076923,1,NA,0,NA,0,NA,0,NA,"Umu-Neochi","Abia","Southeast"
"592","731",97,0,19,78,97,118,0.711340206185567,0.736842105263158,0.705128205128205,26,0.884615384615385,0,NA,4,0.75,"Ungogo","Kano","Northwest"
"593","733",119,0,65,54,119,124,0.647058823529412,0.569230769230769,0.740740740740741,33,0.848484848484849,14,0.642857142857143,2,0.5,"Uruan","Akwa Ibom","South-South"
"594","734",76,0,74,2,76,92,0.526315789473684,0.540540540540541,0,1,0,1,0,0,NA,"Urue Offong/Oruko","Akwa Ibom","South-South"
"595","735",149,0,89,60,149,272,0.503355704697987,0.449438202247191,0.583333333333333,1,1,2,1,0,NA,"Ushongo","Benue","North-Central"
"596","736",120,0,11,109,120,154,0.558333333333333,0.545454545454545,0.559633027522936,5,0.2,0,NA,13,0.538461538461538,"Ussa","Taraba","Northeast"
"597","737",48,0,22,26,48,52,0.541666666666667,0.772727272727273,0.346153846153846,2,0.5,4,0,1,0,"Uvwie","Delta","South-South"
"598","738",33,0,16,17,33,34,0.818181818181818,0.875,0.764705882352941,12,0.916666666666667,5,0.6,1,0,"Uyo","Akwa Ibom","South-South"
"599","739",26,21,3,2,26,34,0.307692307692308,0.666666666666667,0,1,0,1,0,0,NA,"Uzo Uwani","Enugu","Southeast"
"600","740",138,0,18,120,138,349,0.427536231884058,0.388888888888889,0.433333333333333,6,0.333333333333333,6,1,4,0.25,"Vandeikya","Benue","North-Central"
"601","741",36,0,7,29,36,48,0.638888888888889,0.571428571428571,0.655172413793103,11,0.727272727272727,2,1,3,0.666666666666667,"Wammako","Sokoto","Northwest"
"602","743",101,13,19,69,101,192,0.574257425742574,0.684210526315789,0.579710144927536,4,0.5,0,NA,2,1,"Warawa","Kano","Northwest"
"603","744",149,0,59,90,149,150,0.691275167785235,0.627118644067797,0.733333333333333,7,0.571428571428571,1,1,2,0.5,"Warji","Bauchi","Northeast"
"604","745",74,0,73,1,74,83,0.581081081081081,0.589041095890411,0,0,NA,0,NA,0,NA,"Warri North","Delta","South-South"
"605","746",131,0,124,7,131,144,0.549618320610687,0.564516129032258,0.285714285714286,3,0.333333333333333,1,0,1,1,"Warri South","Delta","South-South"
"606","748",177,0,142,35,177,193,0.632768361581921,0.676056338028169,0.457142857142857,14,0.214285714285714,0,NA,1,1,"Wasagu/Danko","Kebbi","Northwest"
"607","749",98,0,29,69,98,267,0.438775510204082,0.413793103448276,0.449275362318841,5,0.4,0,NA,4,0.75,"Wase","Plateau","North-Central"
"608","75",100,0,76,24,100,101,0.77,0.789473684210526,0.708333333333333,2,0,2,1,2,1,"Awka South","Anambra","Southeast"
"609","750",113,0,34,79,113,167,0.716814159292035,0.882352941176471,0.645569620253165,2,0,0,NA,0,NA,"Wudil","Kano","Northwest"
"610","752",95,0,47,48,95,177,0.494736842105263,0.617021276595745,0.375,14,0.642857142857143,1,1,7,0.571428571428571,"Wurno","Sokoto","Northwest"
"611","754",63,0,51,12,63,117,0.523809523809524,0.549019607843137,0.416666666666667,8,0.5,0,NA,1,1,"Yabo","Sokoto","Northwest"
"612","755",83,0,59,24,83,140,0.55421686746988,0.525423728813559,0.625,2,0,6,1,0,NA,"Yagba East","Kogi","North-Central"
"613","756",69,0,3,66,69,82,0.652173913043478,1,0.636363636363636,6,0.833333333333333,9,0.333333333333333,1,1,"Yagba West","Kogi","North-Central"
"614","757",429,0,331,98,429,436,0.547785547785548,0.537764350453172,0.581632653061224,5,1,3,0,4,1,"Yakurr","Cross River","South-South"
"615","759",139,33,3,103,139,189,0.503597122302158,1,0.427184466019417,7,0.714285714285714,3,0.666666666666667,3,0.333333333333333,"Yalmatu/Deba","Gombe","Northeast"
"616","76",18,2,0,16,18,18,0.0555555555555556,NA,0,0,NA,0,NA,0,NA,"Ayamelum","Anambra","Southeast"
"617","760",211,0,81,130,211,263,0.734597156398104,0.777777777777778,0.707692307692308,3,0.666666666666667,2,1,11,0.909090909090909,"Yankwashi","Jigawa","Northwest"
"618","761",65,0,27,38,65,85,0.492307692307692,0.518518518518518,0.473684210526316,8,0,6,1,4,0.5,"Yauri","Kebbi","Northwest"
"619","762",95,0,95,0,95,102,0.526315789473684,0.526315789473684,NA,0,NA,0,NA,0,NA,"Yenagoa","Bayelsa","South-South"
"620","763",44,0,44,0,44,45,0.568181818181818,0.568181818181818,NA,0,NA,0,NA,0,NA,"Yola North","Adamawa","Northeast"
"621","764",75,0,71,4,75,77,0.586666666666667,0.577464788732394,0.75,0,NA,1,0,1,1,"Yola South","Adamawa","Northeast"
"622","765",52,14,0,38,52,55,0.480769230769231,NA,0.447368421052632,0,NA,0,NA,3,0.666666666666667,"Yorro","Taraba","Northeast"
"623","767",44,11,3,30,44,44,0.795454545454545,1,0.833333333333333,10,0.8,0,NA,2,1,"Yusufari","Yobe","Northeast"
"624","768",1,0,0,1,1,2,1,NA,1,0,NA,0,NA,0,NA,"Zakki","Bauchi","Northeast"
"625","769",121,55,7,59,121,200,0.520661157024793,0.571428571428571,0.372881355932203,6,0.833333333333333,0,NA,9,0.555555555555556,"Zango","Katsina","Northwest"
"626","77",177,0,158,19,177,317,0.480225988700565,0.462025316455696,0.631578947368421,4,0.75,2,0.5,1,1,"Ayedaade","Osun","Southwest"
"627","770",109,0,31,78,109,126,0.568807339449541,0.483870967741935,0.602564102564103,1,1,0,NA,3,0.666666666666667,"Zangon Kataf","Kaduna","Northwest"
"628","771",118,0,16,102,118,146,0.525423728813559,0.75,0.490196078431373,4,0.75,13,0.307692307692308,7,0.571428571428571,"Zaria","Kaduna","Northwest"
"629","772",6,0,3,3,6,68,0.666666666666667,0.666666666666667,0.666666666666667,0,NA,0,NA,2,0.5,"Zing","Taraba","Northeast"
"630","774",142,0,7,135,142,206,0.507042253521127,0.428571428571429,0.511111111111111,27,0.037037037037037,0,NA,5,0.8,"Zuru","Kebbi","Northwest"
"631","78",127,0,98,29,127,333,0.346456692913386,0.357142857142857,0.310344827586207,5,0.4,6,0.333333333333333,2,1,"Ayedire","Osun","Southwest"
"632","79",607,0,220,387,607,689,0.723228995057661,0.654545454545455,0.762273901808786,16,0.5625,2,0,5,0.6,"Babura","Jigawa","Northwest"
"633","8",62,0,48,14,62,77,0.596774193548387,0.604166666666667,0.571428571428571,5,0.6,4,0.5,2,1,"Abeokuta South","Ogun","Southwest"
"634","80",71,50,7,14,71,113,0.352112676056338,0.571428571428571,0.0714285714285714,0,NA,0,NA,1,0,"Badagry","Lagos","Southwest"
"635","81",19,0,17,2,19,141,0.210526315789474,0.235294117647059,0,0,NA,0,NA,0,NA,"Bagudo","Kebbi","Northwest"
"636","82",111,14,6,91,111,188,0.585585585585586,0.666666666666667,0.615384615384615,4,0.25,0,NA,1,0,"Bagwai","Kano","Northwest"
"637","83",12,0,3,9,12,12,0.333333333333333,0.333333333333333,0.333333333333333,1,0,3,0.666666666666667,2,0.5,"Bakassi","Cross River","South-South"
"638","84",72,0,38,34,72,148,0.430555555555556,0.342105263157895,0.529411764705882,1,1,0,NA,0,NA,"Bokkos","Plateau","North-Central"
"639","85",182,0,41,141,182,704,0.67032967032967,0.658536585365854,0.673758865248227,1,1,1,1,10,0.7,"Bakori","Katsina","Northwest"
"640","86",130,18,10,102,130,250,0.369230769230769,0.9,0.284313725490196,1,1,1,1,3,0.666666666666667,"Bakura","Zamfara","Northwest"
"641","89",44,0,44,0,44,136,0.727272727272727,0.727272727272727,NA,0,NA,0,NA,0,NA,"Bama","Borno","Northeast"
"642","9",93,0,78,15,93,97,0.559139784946237,0.487179487179487,0.933333333333333,1,1,0,NA,0,NA,"Abi","Cross River","South-South"
"643","90",285,0,32,253,285,306,0.729824561403509,0.84375,0.715415019762846,48,0.6875,15,0.8,6,0.833333333333333,"Barde","Yobe","Northeast"
"644","91",149,17,10,122,149,154,0.463087248322148,0.2,0.442622950819672,2,1,5,0.8,6,0.666666666666667,"Barkin-Ladi","Plateau","North-Central"
"645","92",224,0,89,135,224,429,0.575892857142857,0.460674157303371,0.651851851851852,6,0.5,3,0.333333333333333,1,0,"Baruten","Kwara","North-Central"
"646","93",12,0,2,10,12,18,0.416666666666667,0,0.5,1,0,0,NA,3,0.666666666666667,"Bassa","Kogi","North-Central"
"647","94",65,0,29,36,65,120,0.569230769230769,0.689655172413793,0.472222222222222,2,0.5,0,NA,2,0.5,"Bassa","Plateau","North-Central"
"648","95",195,0,150,45,195,275,0.712820512820513,0.8,0.422222222222222,0,NA,0,NA,0,NA,"Batagarawa","Katsina","Northwest"
"649","96",109,0,107,2,109,197,0.477064220183486,0.467289719626168,1,1,1,0,NA,0,NA,"Batsari","Katsina","Northwest"
"650","97",182,0,38,144,182,284,0.741758241758242,0.657894736842105,0.763888888888889,9,0.625,1,1,3,1,"Bauchi","Bauchi","Northeast"
"651","98",144,0,132,12,144,217,0.444444444444444,0.416666666666667,0.75,2,1,0,NA,0,NA,"Baure","Katsina","Northwest"
"652","99",66,0,63,3,66,67,0.636363636363636,0.634920634920635,0.666666666666667,0,NA,0,NA,0,NA,"Bayo","Borno","Northeast"
